,Time,Xu,Yu,Bs,Rs,Bs_n,Rs_n,Xs,Ys
0,53.215,2.05,-217.24,355.7927279560852,228.17489169494525,355.6476319783541,235.60179242349383,-14.69,10.32
1,69.013,5.48,-177.84,346.92799315904233,196.44044237376374,347.88432247392865,193.6544941515929,-38.95,13.51
2,84.637,8.83,-139.45,334.7341162903676,171.4073676946239,334.2940771290221,179.39730379519912,-64.33,15.56
3,100.133,10.69,-100.28,319.91455977904116,153.60383621511542,326.3612026738627,154.53458463544703,-88.22,17.24
4,115.321,10.73,-62.74,303.3661304418241,148.63984021789045,291.4641875130102,211.91701839623562,-113.41,19.01
5,130.708,10.73,-23.81,286.7013612034925,155.54141056323232,288.62165470409604,157.96719073401604,-138.25,20.89
6,146.209,10.73,13.12,273.275530620392,175.01592184712794,268.9351989265162,371.6311260953684,-164.0,23.12
7,161.608,10.73,49.37,260.26854535898156,195.6451732090521,266.6096701984657,197.08646931631444,-182.1,16.3
8,176.999,10.45,87.5,243.29218043704026,208.1919914405931,248.71983506955428,202.22420518134288,-175.53,-6.07
9,192.292,9.95,124.81,228.55125412542858,232.76689476813493,240.57595961793334,235.85041612014146,-164.52,-29.27
10,208.001,19.03,161.36,219.03169453483292,274.061051957406,222.1385159174909,274.81503207586195,-153.56,-51.53
11,223.397,31.05,197.17,212.73126083992275,321.2136150601341,210.20962674822772,326.3410925280227,-142.63,-73.04
12,238.687,44.04,234.92,207.9513557238897,373.9531886479911,218.36869691790827,369.28731873020575,-131.24,-95.41
13,254.603,57.12,272.9,204.3520998029892,428.98758082256876,206.90406771437364,416.5770297284485,-119.77,-117.92
14,269.909,69.25,309.64,201.52145274043198,484.1766627998503,212.51411017735296,444.1301822790437,-108.37,-140.78
15,285.5,81.93,348.11,199.3437029102918,541.7315166205489,197.847022958126,542.2063925199636,-97.51,-163.04
16,300.779,99.4,383.6,198.1030278138663,598.2750250511884,207.56805846803755,597.1241860093967,-86.5,-185.06
17,315.87,120.12,412.35,197.6212939584476,627.5350579848109,196.11858907285307,881.2568193492692,-69.85,-185.74
18,331.802,144.06,445.21,197.89545223695035,642.4736480977255,200.5663622162288,641.0314058596506,-53.36,-166.18
19,346.904,167.28,476.11,198.35093909702422,655.6420566132102,219.5625850122015,654.1703149709512,-39.14,-146.19
20,362.618,191.46,508.2,198.82238939139688,669.207011693691,200.536959794049,676.2210396641657,-24.45,-125.22
21,377.947,215.12,540.43,199.24847073116732,683.5414577770684,198.82541246921633,672.8019723382347,-10.22,-104.9
22,393.255,238.54,570.82,199.67122897822455,695.3190283603635,199.04316289809722,704.1524677405109,4.48,-83.92
23,408.96,268.14,593.42,200.72921421200263,701.3102458969212,197.20438942786112,701.1539472620277,19.91,-62.49
24,424.171,300.04,615.8,201.8724560254849,712.8329565894102,205.23550387222426,741.6508131558861,34.48,-45.72
25,440.188,332.06,638.22,202.39660836528412,762.4096340550794,190.39650600952342,764.2715137427881,41.57,-66.68
26,455.393,364.57,660.99,203.36965234936915,818.9093489513965,198.29481108094456,813.5632343888398,39.74,-90.74
27,471.316,396.93,684.38,204.1950464286973,878.0410284832936,153.79589235491363,875.3026696748684,37.07,-116.53
28,487.112,427.73,706.48,204.86449619304474,935.5401377279331,217.4246213427321,935.4069911227346,34.36,-142.34
29,503.44,460.88,722.91,205.7105141131593,989.5477757541572,203.73045543694374,993.8226478173286,31.59,-168.67
30,518.643,496.66,734.3,206.7589573065739,1038.6505793576587,217.46501768607436,1056.3652651976754,29.02,-193.12
31,534.165,535.01,746.04,209.08201425811856,1061.8418786712077,178.706539331465,1064.4784465458579,18.89,-181.93
32,549.647,571.5,757.19,211.02661039193217,1067.7559785362946,214.60469832587557,1072.374683016765,21.14,-157.8
33,565.143,607.21,768.4,212.84381447351615,1072.8295382305616,214.98595759939954,1068.8825593790093,25.36,-132.94
34,580.746,643.6,780.22,214.63099187470587,1080.4187707088395,219.50207464200977,1077.5726078151495,29.61,-108.78
35,596.043,679.98,790.96,216.45423304444375,1087.0266054701697,217.5849076032527,1098.2106704755554,34.09,-83.37
36,611.446,717.63,792.17,218.57472358430786,1089.530272043875,211.59199289153352,1087.2180868913456,38.27,-59.62
37,626.858,757.2,791.94,220.84046529008018,1092.6285796188931,238.89023464059497,1098.8145298546399,42.67,-34.67
38,642.063,796.12,791.27,223.06921356572255,1097.4234543238083,223.36805139971037,1099.5528174528201,46.71,-10.43
39,657.338,833.61,790.62,225.23622219612412,1102.8060375696173,203.1630505212197,1105.2276666109426,50.6,14.04
40,672.704,872.04,790.35,227.42714578351308,1113.8651383807648,225.23533198583107,1112.3475957278856,51.77,36.79
41,687.965,910.49,790.23,228.65741727363243,1162.5744756358622,235.0956061164839,1153.3894171154795,37.66,22.28
42,703.218,945.94,785.87,229.34066339278317,1206.6882219529618,237.0278701477145,1205.4197993888008,30.55,-0.36
43,718.672,982.46,774.0,230.18978463229843,1247.8628003510642,227.98517263704002,1249.5621095809054,23.89,-24.94
44,734.159,1019.37,761.31,231.03617631887684,1288.584422884275,233.92855526569994,1291.2952655895608,17.44,-48.99
45,749.641,1054.44,749.23,231.7408404073357,1329.1086899497725,225.34110140937696,1334.8068814101066,10.8,-73.78
46,764.892,1091.9,736.55,232.5186217958762,1370.2960369569782,225.76267325856819,1403.525349228874,4.5,-97.28
47,780.353,1128.11,724.76,234.03154784333023,1402.69760361954,234.26149487887844,1418.882531115257,-7.15,-99.1
48,795.727,1163.87,712.65,236.13686760261683,1413.1273843854274,232.605836142393,1414.0550205421819,-9.55,-74.76
49,811.497,1195.94,691.69,238.40523569825064,1414.446614651822,238.0994113761264,1414.5671507722514,-8.85,-49.35
50,827.17,1227.84,668.53,240.70638440106515,1417.0465275353522,241.88397060134503,1403.5229808673278,-8.0,-24.81
51,842.534,1257.56,646.74,242.93158380433835,1420.2486636149317,239.57135757491534,1418.5695228043903,-7.12,0.45
52,857.928,1287.84,623.95,245.17350015394842,1425.8634824203893,246.22870505506287,1423.5106513340163,-6.25,25.27
53,873.125,1317.34,601.75,247.3764134822977,1432.974618407458,248.53495337653877,1448.7539364220913,-5.37,50.52
54,888.544,1347.96,579.41,249.5300803915055,1443.573095482179,249.36107464379117,1458.7747235135753,-4.46,74.57
55,904.051,1375.64,556.42,251.68094069209863,1452.427613514698,251.7767503248618,1456.693322307203,-3.18,99.91
56,919.47,1398.85,524.53,254.0867544869004,1456.5167051908466,258.6402482862213,1475.409151901944,-1.85,125.18
57,934.973,1420.24,493.99,256.388123231656,1462.117612403325,260.9205906133456,1464.735077725358,-0.81,149.89
58,950.573,1442.23,462.59,258.6123497542082,1468.9582714291103,267.388192028073,1469.201994004675,2.19,172.55
59,965.978,1462.91,433.05,259.2313979646136,1471.9310175752123,261.1115831150154,1470.2577472955884,16.9,158.03
60,981.177,1485.32,401.6,259.62261961554054,1483.699374031006,267.53401092408893,1487.5243410315948,25.89,134.34
61,996.684,1506.64,372.08,259.94168900200987,1495.616856350583,255.516042176447,1504.6313693631305,34.01,110.87
62,1012.506,1523.7,338.38,260.3178057829231,1502.4106637334546,251.1638531098543,1500.3064010619155,42.69,85.7
63,1027.564,1534.75,302.81,260.80695922523927,1503.4305472817823,259.6867926741618,1507.2367424053339,50.63,62.62
64,1042.853,1545.86,266.48,261.2985752622378,1504.3751698628903,252.58965357134647,1488.1260002120046,58.8,38.89
65,1058.249,1556.79,230.73,261.7377913906266,1505.182608057906,246.5085106503159,1496.485079348727,67.23,14.43
66,1073.879,1567.91,194.34,262.2478360687567,1506.356891377339,267.4144438110435,1508.5607735596134,75.32,-8.85
67,1089.276,1579.49,158.25,262.7530078261194,1507.8453117279635,262.17045265641497,1513.6217110426533,83.69,-31.96
68,1104.802,1590.93,121.22,263.4191105993072,1514.4083658313566,264.0181772026951,1521.5172268440465,86.5,-52.34
69,1121.125,1592.3,86.37,265.2812017988317,1530.0461680942833,268.914902126712,1536.2555515267234,67.44,-39.5
70,1136.511,1591.95,47.17,267.5254172216419,1541.1271419646077,267.35302565926963,1540.3631562082371,52.26,-19.37
71,1151.697,1591.31,10.37,269.64487684722565,1553.719843794241,257.56179089196115,1560.4471166734363,37.62,0.74
72,1167.417,1590.61,-29.48,271.8510489063367,1568.6685664601046,273.3417454926043,1572.9327493399305,22.76,21.19
73,1183.123,1590.4,-65.62,273.85868456565623,1585.6846446251539,273.4037337659701,1586.4852442456531,8.31,41.09
74,1198.606,1590.28,-104.63,275.94095441926777,1605.452745427283,284.969321923733,1605.2980394340848,-6.55,61.54
75,1214.313,1586.5,-142.26,277.92526701214297,1623.062265503083,269.8402458808134,1665.9582199081435,-21.06,81.53
76,1229.501,1574.59,-179.83,279.9205735453139,1634.3475373983342,271.6229168870262,1632.7340026403547,-35.32,101.74
77,1244.798,1562.75,-215.68,281.826046340155,1648.1327299098214,290.30386450132323,1648.4262991220594,-50.4,122.09
78,1261.025,1550.18,-252.25,282.493390343587,1644.1314390583254,294.22189336163103,1641.2677676163764,-55.02,103.42
79,1276.215,1537.92,-287.84,283.06108451010186,1626.8881078918735,302.6780952145075,1624.3555299647032,-46.88,79.82
80,1291.812,1526.33,-322.94,283.6515457836625,1609.6336588180552,288.76293322389034,1473.5485456808467,-37.83,56.96
81,1307.805,1514.56,-358.51,284.2570868248409,1591.9720120655388,285.1993482407089,1548.823658533534,-28.38,33.55
82,1322.985,1496.65,-389.76,284.78053177552187,1567.4362632336922,279.9585862139439,1573.3403868602811,-18.92,10.12
83,1338.605,1473.07,-422.19,285.45685747691687,1538.6508391769719,289.2297668428854,1314.6846009508918,-9.93,-12.12
84,1353.783,1450.62,-452.06,286.0239821640355,1510.2176353095601,288.65762547291416,1340.4699161465169,-0.92,-35.18
85,1369.306,1426.75,-483.73,286.6992071869453,1481.3434822822153,285.14826230123714,1459.8435721152507,7.88,-58.07
86,1384.925,1403.85,-514.53,287.3221822758468,1452.3190623619864,277.8675012227711,1451.401096118275,17.4,-82.11
87,1400.326,1381.08,-545.82,288.3389835883016,1455.6711811738255,295.1563255339819,1458.3237933889473,-0.66,-87.81
88,1415.738,1358.13,-573.61,289.67936629358263,1468.1838581390277,283.85977766244184,1466.141330645314,-24.3,-79.19
89,1431.254,1326.56,-597.09,291.0270271292006,1471.3985520245694,294.2487307863436,1473.7662330361045,-46.86,-69.14
90,1446.961,1296.52,-618.18,292.94902507714653,1461.7656605968002,295.7709009662977,1459.868495326743,-49.55,-48.22
91,1461.832,1264.98,-640.27,295.1911506737648,1443.2869786705621,309.21944098181325,1450.537987300346,-41.04,-25.95
92,1477.029,1232.36,-663.18,297.55143285404495,1425.7001307778573,311.84100066994887,1425.958890752829,-31.66,-3.73
93,1492.952,1201.71,-685.39,299.9431802063214,1412.0260771317219,268.5677518806141,1371.3005456786643,-21.84,19.41
94,1508.043,1171.18,-707.19,302.3938367397776,1400.876634254423,299.6680524604223,1400.7474740343307,-11.7,43.31
95,1523.448,1137.16,-723.62,304.73115849732625,1385.8754152159568,289.2444736636017,1380.9756003986638,-1.8,65.95
96,1539.083,1101.78,-734.8,306.98423593490384,1369.0267259626453,309.2294368270219,1369.3995051295701,8.2,88.8
97,1554.897,1064.86,-746.09,309.29228925636266,1356.642311185966,293.73915328667,1365.589000996404,14.92,113.04
98,1570.303,1027.62,-757.48,311.63138564925055,1347.6769962049511,317.4508911472308,1347.0408974754744,20.32,137.83
99,1585.689,991.43,-768.86,313.8744874001608,1336.9867531131338,304.75569509913595,1335.8518785829021,27.65,157.78
100,1600.981,956.53,-780.18,314.91932151528476,1300.618147382236,315.9695992027203,1269.0093979867272,35.56,138.2
101,1616.987,919.99,-791.03,315.56739955484056,1265.288205983127,317.98501116581747,1263.2091316621365,34.2,112.48
102,1632.286,881.54,-792.2,316.02831018251743,1223.3998363985504,316.42703222993083,1225.5246178404461,32.13,88.26
103,1647.922,844.01,-791.92,316.36844724838033,1179.9108380297216,323.031795989846,1195.0781452697292,29.85,62.09
104,1663.833,804.5,-791.24,316.84351581261194,1135.7275636788956,328.1041422331746,1132.6049486790912,27.67,37.26
105,1679.327,766.8,-790.58,317.293662035837,1092.9596454581476,328.77235549679415,1097.520937599545,25.51,12.57
106,1694.633,728.8,-790.39,317.7399022678349,1049.223618157731,315.6324309046967,1050.07551091246,23.2,-13.86
107,1710.254,691.37,-790.23,318.2940603000499,1007.488635022748,330.5461630818457,1006.7464513805048,21.08,-38.07
108,1725.435,654.67,-785.55,318.62772023933223,961.9806039624707,316.4786764013809,962.0571516208636,18.85,-63.65
109,1741.544,618.53,-773.99,318.72107907167253,912.2737302476709,359.0025425643455,909.5069291032482,16.68,-88.41
110,1756.836,579.99,-761.31,318.88993633456147,859.7010964282877,405.94982136691715,860.2160782561481,14.73,-113.57
111,1772.571,544.1,-748.98,318.9957899259232,809.462393752792,321.77257009474965,805.9337991571499,13.0,-138.11
112,1787.667,507.01,-736.21,319.1818500829568,758.5743660973525,314.01855417848236,757.2721195444032,11.16,-162.13
113,1803.266,471.67,-724.54,320.0809107984022,708.9236704328612,323.00676958411276,691.9979716240582,16.75,-180.83
114,1818.658,435.88,-712.61,323.6998217798411,672.0092214397062,318.6728542799144,680.5445786917917,38.04,-171.02
115,1833.668,403.1,-691.18,327.1321935534596,636.4259223193222,335.6033930262685,634.7088266375997,57.71,-156.63
116,1849.178,370.5,-667.52,330.9708153767217,602.0545148904706,344.56099888329413,658.6601732407829,78.35,-141.1
117,1864.775,339.19,-644.21,335.09747113686916,571.725976758097,335.32436629585777,689.140579117122,98.45,-125.64
118,1880.283,306.72,-619.75,339.6877803713319,543.1882009948301,352.3232273334919,545.1410452384713,118.16,-110.34
119,1895.571,275.12,-596.24,342.23189059035235,527.124140976298,324.37954443552564,533.8889650459952,114.26,-94.26
120,1911.163,245.61,-574.72,342.53149989858264,512.9564605305211,342.3845623098387,513.9355510411444,91.63,-85.42
121,1926.862,219.73,-550.07,342.544548389291,497.05935148631903,337.9635890775989,497.603483022443,70.63,-75.9
122,1942.068,198.18,-519.94,344.9602217421335,483.98859098123387,310.62651561379437,512.9446323694456,72.59,-52.53
123,1957.579,175.32,-487.3,348.1337315988175,469.1966318080299,354.58452891579736,469.44688748936045,78.84,-28.13
124,1973.1,152.74,-455.05,351.49898507100335,456.14151510249536,346.9540731541515,456.9558959956165,85.31,-3.92
125,1988.49,130.58,-423.68,354.9967895080865,444.89513371130505,352.9403426999164,441.89890941559213,91.78,19.52
126,2003.421,107.72,-392.19,358.7920403257031,435.4567739741799,359.92202271059864,441.548572397094,98.54,43.17
127,2018.576,85.33,-359.98,2.6903985407615494,428.0017628468369,3.1600746812506397,436.4546897371915,105.42,67.55
128,2033.699,72.47,-324.59,5.82360295836024,416.1980002354648,4.8990990076955665,571.9292978961242,114.7,89.46
129,2049.157,60.56,-286.76,9.173160839693537,403.2774956528073,0.5054465456641566,405.70417455089,124.85,111.36
130,2065.211,49.2,-249.62,12.699344900568747,394.2956313478504,10.009161417426025,396.1571679488864,135.88,135.03
131,2080.519,37.61,-211.69,16.433794266965407,385.78017056349586,-3.957638104755418,376.3179584993634,146.75,158.33
132,2095.62,26.04,-175.65,20.23894018475326,379.8101916747364,26.782480726486224,376.4548731849551,157.43,180.71
133,2111.745,14.62,-139.89,25.638060816257948,350.7865888257417,23.449020080443297,367.0724791881201,166.4,176.36
134,2127.088,8.06,-105.29,29.872424606663117,299.2146929881619,38.671459605480585,321.3805567223262,157.09,154.17
135,2142.697,7.88,-67.41,34.51584806512659,241.70797918149083,52.090236136423115,228.46775295736273,144.84,131.75
136,2157.991,8.29,-29.64,41.728461325883984,186.97383266115077,36.37574926195081,185.74622696711467,132.74,109.9
137,2173.386,8.98,9.75,55.07642029268696,135.79434156105327,56.34731721875303,155.44235555120105,120.32,87.49
138,2188.784,9.58,47.62,79.50997692641252,100.45900905344429,78.64491117877093,103.10995803250404,108.36,65.91
139,2204.287,9.64,86.53,116.21703546738206,96.45233537867293,115.54359784961571,68.2063784415609,96.17,43.92
140,2219.849,10.05,126.17,144.52715178761918,127.39586884981789,147.56488853944856,125.46846450549012,83.98,22.42
141,2235.574,19.76,162.69,162.52571024084716,167.1119157929799,158.48565673482273,159.8536110507895,69.94,3.29
142,2251.163,32.3,201.11,174.50676859304832,217.69978318776526,202.2471582355978,203.8517866909971,53.14,-15.59
143,2266.863,45.21,238.74,181.96981304205895,273.76177253225114,164.15719864742442,272.3659170852507,35.8,-34.86
144,2281.862,58.11,276.2,186.64826553722963,331.07629241611363,183.49353039972993,320.89618331078566,19.78,-52.65
145,2297.672,70.14,312.2,189.94577146026097,389.4832856490763,201.72987421719975,387.7127094778516,2.87,-71.43
146,2313.389,82.79,350.63,192.3590241502518,450.9505077056683,190.21697913959488,450.69293965941915,-13.73,-89.87
147,2329.113,99.7,383.76,194.82846271250173,509.40503580157116,171.54920189158133,509.24906738241145,-30.67,-108.68
148,2344.413,122.27,415.0,197.35962240186225,567.8553380923702,194.34066592220265,577.0040779504754,-47.16,-126.99
149,2359.583,144.93,446.19,199.4310682257371,627.3736954160574,205.34555288134194,614.6367412438835,-63.78,-145.45
150,2374.96,168.75,478.21,201.19673244044657,688.5223787938921,249.33274258136694,667.7838015251068,-80.2,-163.73
151,2390.916,193.14,510.58,203.2364526592692,727.2513416969404,215.72892689605476,725.7345447024063,-93.78,-157.68
152,2406.637,215.75,541.27,204.6829096381483,742.3681106432307,204.82115614582116,742.5912551605857,-94.26,-133.27
153,2421.828,240.62,572.91,206.0811176562136,758.2285030912515,200.95912482124774,707.1468943288668,-92.73,-108.11
154,2437.117,272.27,596.42,208.10202566031342,771.3095142677809,207.92152256253073,751.915640348715,-91.05,-83.96
155,2452.626,303.39,618.23,210.10525019570773,782.9103269212893,211.86740488114128,796.0761606618645,-89.31,-59.07
156,2468.141,334.71,640.16,212.07297516337243,795.1993029423503,205.8254534685853,798.2062297849109,-87.54,-33.67
157,2483.74,368.13,663.56,214.03889596797876,810.8896426148258,214.55968608034783,812.4779297496062,-85.77,-8.39
158,2499.344,398.37,685.37,215.79327053193674,825.0316509080121,216.2728403025261,820.7488125768767,-84.16,16.16
159,2514.428,431.18,708.91,217.57049822217496,843.0190227984182,215.84840165847092,837.7911011634762,-82.84,40.73
160,2530.029,464.56,724.29,219.69188420226214,854.994836592596,219.22681830953923,855.9962254926126,-81.49,66.38
161,2546.148,502.98,736.28,222.08785305028243,869.6056919086949,225.57013935498972,907.6038535759016,-79.89,90.93
162,2561.552,540.55,747.77,224.54308952673532,887.59572559809,234.6501503343331,888.6407092693588,-82.05,115.16
163,2577.888,578.33,759.32,227.25589475622596,922.6267224614732,233.0127118505969,924.3974297695747,-99.24,133.11
164,2593.405,613.52,770.45,229.72866455516424,959.9971892667187,209.03203940342476,961.6941637211779,-118.95,149.9
165,2608.966,648.08,781.65,231.8755552427637,998.3453107016629,180.3303262546489,975.282760716064,-137.29,165.3
166,2624.351,684.82,791.73,234.05124967369167,1039.414326676326,235.4146235121349,1057.6667893464141,-156.63,181.53
167,2639.758,724.27,792.36,235.13005436682138,1055.8571687969923,239.60006775867373,1042.02286010189,-142.01,188.71
168,2655.087,762.04,791.74,235.2942656182403,1071.9545916222385,237.07588774730203,1081.0545963119296,-119.2,181.41
169,2670.485,798.94,791.1,235.3384946009284,1087.7098606705742,241.1877506293256,1065.9512517795436,-95.73,172.49
170,2685.599,837.33,790.46,235.46555423331415,1105.3241129189212,235.73385339309027,1110.3350477302743,-73.22,163.85
171,2700.975,875.24,790.4,235.51029704554392,1122.6505718610756,232.18582329638772,1120.6282037082228,-50.08,154.69
172,2716.682,911.67,790.18,235.51326905038894,1138.8069656443097,232.11636716820348,1160.9360098790125,-27.0,145.37
173,2732.627,948.29,784.83,235.68120728594408,1151.54927988341,242.1942544019899,1143.1842888002063,-2.79,135.59
174,2748.432,985.42,772.92,236.1764274554583,1161.7256421806312,235.59431850718852,1160.5653276223363,20.31,126.26
175,2763.961,1021.98,760.57,236.63742177399942,1170.8830740086732,230.0625066807424,1184.772944802916,44.05,116.66
176,2779.34,1057.42,748.37,237.0834591292992,1179.6469618067943,246.20445484132676,1178.5001567448369,67.15,107.33
177,2794.842,1090.83,736.88,237.4383069305803,1186.7172040549508,240.41924665038465,1181.4585672431633,90.65,98.18
178,2810.334,1127.47,724.87,237.89500102081988,1196.1860955553695,236.1856436801051,1190.9744667035784,114.21,89.13
179,2826.046,1162.5,713.19,238.33466294965385,1205.2229155222697,256.0092177896835,1195.4521412910747,136.7,80.5
180,2841.581,1193.89,693.71,238.91453464025668,1206.1797104080304,242.80873797261683,1225.0803037843457,160.92,70.94
181,2857.074,1225.25,670.78,239.67871355932064,1206.441483454544,213.26324862556226,1186.5933339938863,183.84,61.71
182,2872.197,1254.99,648.4,240.48695220258688,1214.5220932119762,238.45313246587855,1215.5226490508735,198.06,50.1
183,2888.296,1283.84,626.66,242.04371510541526,1253.2696363113566,261.9635622679493,1251.3715381047266,176.82,39.13
184,2903.618,1314.59,603.82,243.85235738920193,1295.2767482279605,243.8365094152332,1281.6921056814285,151.87,33.01
185,2918.732,1346.16,580.8,245.56296122599318,1336.9815982652865,246.1336945880976,1357.1458525250046,128.95,27.7
186,2934.337,1374.14,557.09,247.15130060985769,1378.06176019074,237.0298730087021,1379.8518235947565,104.21,21.99
187,2949.748,1397.61,525.45,248.88199224876382,1413.5001866996693,257.6749152120435,1411.4314570077502,79.04,16.18
188,2965.612,1419.59,494.7,250.4652467527437,1447.192046758135,258.3913634039966,1445.014381912198,55.7,10.79
189,2980.907,1441.56,463.34,252.00206625708788,1483.0280322704625,246.26165398744521,1483.3391484064884,31.1,5.11
190,2996.212,1462.88,432.9,253.4334024593486,1519.2037218556306,261.76494324145324,1437.8821963976445,6.74,-0.27
191,3011.627,1484.44,402.9,254.79009117298673,1556.1294457724268,250.5974940948729,1568.7366815960384,-17.18,-5.36
192,3026.802,1505.5,373.65,256.0529574023975,1593.6938220687184,237.2723419731203,1591.3613736471914,-41.21,-10.47
193,3042.725,1522.59,341.23,257.3359038321076,1629.3486024175427,253.7291966440341,1629.2314451561474,-67.12,-15.98
194,3057.737,1534.09,304.63,258.66594618392037,1658.3817196291088,256.4661861820161,1651.572461274851,-91.95,-21.29
195,3073.245,1545.01,268.9,259.9079024230524,1686.4031120108857,299.412202121685,1693.9550737998122,-115.3,-26.61
196,3088.963,1556.19,232.35,261.1305494033987,1717.1735926224817,263.22461090368677,1719.9017890523096,-140.45,-32.41
197,3104.35,1566.79,197.78,262.25355005900224,1746.8715111593067,263.08027291238056,1747.0544503736803,-164.14,-37.68
198,3119.54,1577.9,163.36,263.2774613643113,1776.161684335072,264.13425904105696,1755.1199681840014,-186.05,-44.56
199,3135.138,1589.31,127.23,264.20272979772955,1765.3890426758628,266.00202102924567,1765.1459825189777,-167.05,-51.09
200,3150.796,1592.14,91.16,265.46740606657795,1740.1823519390143,274.4329485769256,1736.8257927583272,-142.6,-46.36
201,3166.604,1592.07,51.47,266.9186882077593,1711.714701023509,266.60442167431836,1258.2995519217195,-117.17,-40.54
202,3182.326,1591.43,13.16,268.36780407296817,1684.4934539795634,268.84523121631554,1693.4767850344158,-92.38,-34.82
203,3197.618,1590.74,-26.08,269.8984038797715,1658.0326065852867,282.7970659853629,1662.776723253309,-67.29,-29.02
204,3213.315,1590.38,-64.98,271.46570695580044,1633.0042969324975,251.8151965785616,1640.4257665392922,-42.09,-23.21
205,3229.133,1590.31,-102.35,273.01678938440983,1610.3416825630516,260.68009105345055,1611.100798432709,-17.8,-17.6
206,3244.425,1587.14,-140.06,274.63454842911057,1585.6445206918227,268.68936011335734,1593.240995380238,6.68,-11.94
207,3259.907,1575.74,-176.39,276.2911095673246,1553.384527185719,273.30260619098266,1558.4913818228054,31.71,-6.17
208,3275.207,1563.32,-214.0,278.06260327412593,1522.1558830159279,270.84318059245743,1455.417272854609,56.21,-0.51
209,3290.896,1550.75,-250.55,279.8656260211803,1492.196155269139,291.3566855131742,1488.6892788416046,80.62,5.12
210,3306.645,1538.51,-286.1,281.7072690616965,1463.494975768622,282.692796862257,1461.971765385287,105.46,10.86
211,3322.572,1526.62,-322.07,283.63437023216994,1436.7581756510035,280.2103524135496,1436.897288845317,130.35,16.61
212,3337.971,1514.82,-357.68,285.63059628556243,1411.291207547188,286.1635894471762,1421.7769812897454,155.72,22.57
213,3353.876,1496.1,-390.01,287.6503578780688,1380.770396735098,281.51351589904635,1381.4959143635067,180.33,28.65
214,3369.271,1472.59,-422.22,289.7852532408228,1377.0926401662307,305.7426177829582,1379.385593885031,176.79,43.92
215,3384.515,1449.89,-453.3,291.44662742237426,1391.198578852063,272.038701639166,1391.5349524961298,155.02,55.37
216,3400.299,1427.35,-483.24,292.9670453967884,1407.2212188920403,310.5969140013094,1404.4960624282328,131.68,65.86
217,3415.501,1404.39,-513.74,294.47702327848083,1422.4710309176776,294.34600564147127,1421.9556053191845,109.76,75.63
218,3430.9,1382.05,-544.34,295.94636875936646,1439.2396162557507,298.4032336172638,1442.8709360412045,87.88,85.37
219,3446.095,1358.87,-573.52,297.34335906896627,1456.8432552955035,283.54597306350513,1451.0478928768841,64.8,95.64
220,3461.501,1329.35,-595.38,298.5767630241484,1465.5814693151656,298.2529630228917,1446.9835149050696,42.31,105.66
221,3477.214,1297.83,-617.46,299.8426850470096,1472.8699665958295,306.08676346626186,1475.491536284451,20.27,115.47
222,3493.207,1268.01,-638.34,301.0150898784026,1483.4925116427114,307.4714370120678,1485.3809922623475,-3.39,126.05
223,3509.033,1236.16,-660.64,302.26796667112626,1494.3816247866541,305.5122413459282,1491.6091760243046,-27.43,137.18
224,3524.102,1205.7,-682.39,303.4593118235417,1506.0814908231227,266.1601478904946,1497.368021003637,-50.79,147.98
225,3539.379,1174.93,-704.61,304.48922062859907,1513.4802911501688,304.3604261438854,1509.025394694008,-72.53,152.4
226,3554.78,1142.7,-721.91,304.8760091802361,1506.3420239109043,308.4058622328114,1525.9616325508057,-93.09,139.42
227,3570.458,1104.76,-733.95,305.19995638775254,1489.4045706925974,313.03903107425276,1501.4855346851962,-112.3,124.59
228,3585.864,1067.53,-745.34,305.4339723946043,1472.6844612815062,303.5831873762281,1473.900322233663,-132.39,108.47
229,3601.148,1030.75,-756.59,305.7275551776653,1455.7353246383768,332.35017365788394,1455.342088786562,-151.02,93.46
230,3616.328,994.03,-767.98,306.1827485488295,1427.6986734251734,289.9767707622824,1525.742045838122,-158.32,74.88
231,3631.688,957.24,-779.91,307.14495466811775,1382.3179285895123,306.6802037922051,1391.6578085551616,-144.62,54.78
232,3647.326,920.74,-790.98,308.2015209483521,1335.3346268632445,298.7046352275119,1335.9445426146463,-128.62,34.83
233,3662.862,883.67,-792.45,309.0335445980844,1283.3149116643194,316.59756263734107,1406.6163641278815,-113.18,15.75
234,3678.144,844.39,-791.86,309.9180541343642,1227.4125503676423,312.7011781929725,1231.8380534160706,-96.99,-4.24
235,3693.611,806.28,-791.19,310.8459274549876,1172.642378775388,314.4228025169718,1172.3733365010673,-80.79,-24.25
236,3708.924,768.37,-790.53,311.86950111898557,1119.7623584493274,276.5832523167872,1125.6650977689696,-65.48,-43.16
237,3725.045,730.58,-790.41,312.997243731051,1065.8933278710397,309.3879290002043,1069.0743754332564,-49.0,-63.51
238,3740.651,694.52,-790.27,314.17456167311695,1013.5801190335177,293.09241399460916,1016.5003915185615,-32.44,-83.96
239,3756.106,656.5,-786.38,315.415929184932,959.4631168002238,295.90764353989533,959.377437255156,-17.0,-103.03
240,3771.504,617.61,-774.01,316.46977224527103,897.8896861530374,323.79780175226813,913.7935640897787,-0.8,-123.03
241,3787.127,581.73,-761.76,317.53733834176785,839.6710728017252,321.6723792150442,797.9096947132241,14.86,-142.32
242,3802.226,545.57,-749.31,318.79318143205745,781.6581916029538,347.4961315794026,771.4548625790027,30.63,-161.24
243,3817.62,508.28,-736.57,320.48486016018893,724.1756536227934,345.07448895378735,723.5073905812426,47.5,-177.9
244,3833.451,471.31,-724.52,324.1638067450072,689.446203412565,303.77312081945576,693.2406870272223,67.66,-165.59
245,3849.369,434.54,-712.05,328.25911808183014,663.5890638037971,333.2149268547249,671.1556337494611,85.44,-147.71
246,3865.068,404.03,-691.95,331.85624391103795,637.9463758812334,354.090015908819,634.2162722909371,103.12,-129.43
247,3880.896,371.24,-668.16,335.78889458935294,610.7293604371744,333.5726530814049,617.6142618331918,120.78,-111.15
248,3895.928,339.4,-644.33,339.8932901542973,586.5264404099785,338.1899233342506,581.8707294778521,137.77,-93.55
249,3912.254,308.52,-621.06,344.4549231336646,567.5822094639683,341.23018958348274,566.4486731381704,156.41,-74.24
250,3927.668,277.11,-597.68,349.19644716632115,551.209847517259,348.8103170971653,558.8361207450771,173.79,-56.24
251,3943.374,246.76,-575.58,354.14763418366954,540.8690460730768,354.96211909686906,544.3660265063327,191.61,-37.53
252,3958.886,219.24,-549.58,356.03757383277184,528.2026255141109,356.972428286613,530.8732955978519,182.74,-22.64
253,3974.179,196.47,-517.58,355.64209274771326,501.93116061866493,337.73477057112626,501.2534260662084,158.33,-17.1
254,3989.653,174.24,-485.84,355.13886542728113,474.3863640536055,356.65978773353305,475.5732704654448,134.04,-13.16
255,4004.843,151.43,-453.26,354.6945613129032,445.7897966530863,328.0102719737075,408.2923409520548,110.21,-9.38
256,4020.27,129.5,-422.21,354.0425376798152,418.9225059602312,369.6103372607918,421.47183953287407,86.02,-5.55
257,4035.463,107.26,-391.56,353.4042188709143,392.3770550121401,352.6406805554003,395.28292170436026,62.19,-1.78
258,4050.746,84.78,-359.24,352.6056104072783,364.33993495086423,353.05420107383765,370.84373823453046,37.89,2.07
259,4066.441,72.08,-324.0,349.83561592426196,335.2922453621616,360.4109706859648,345.4094588754415,12.91,6.03
260,4081.748,60.46,-286.2,346.44754259123556,304.47795076162737,343.316512248634,295.2889656638362,-10.89,9.8
261,4097.149,49.48,-250.3,341.95446685006704,278.23626399159406,353.38225298804184,278.89148617857836,-36.71,14.25
262,4112.335,37.88,-212.43,336.76340601360107,251.41379536532995,339.2841502424726,244.00908543905228,-61.31,18.59
263,4128.256,26.73,-177.92,330.4243774153979,230.92887649663908,330.9616260948422,214.21155915304843,-87.25,22.92
264,4143.571,15.33,-142.23,322.80782670036285,206.58726800071682,313.8504755077309,195.76774002356544,-109.55,22.34
265,4158.962,7.38,-104.88,309.30790409968097,172.17384615556452,273.12928674066995,171.22367843693536,-125.84,4.19
266,4174.056,7.58,-66.64,288.8308889639573,155.5877758694429,288.7962230172463,157.27303976612336,-139.68,-16.42
267,4189.861,8.28,-26.62,269.63103503904216,163.0533808297148,285.38809750252125,279.123665937955,-154.77,-27.67
268,4205.775,8.94,11.4,264.87799730904624,172.60925380755225,262.8845911875265,174.88738368613963,-162.98,-4.01
269,4220.758,9.59,50.35,260.09210103578647,178.42104023909286,253.15873056076663,173.32374997735792,-166.17,19.65
270,4237.003,9.67,88.24,256.80744692468835,183.98564346165708,252.75644071989817,184.4549868214749,-169.46,46.25
271,4252.184,10.08,126.62,252.93060601490092,190.81542966961558,249.4664899841791,182.41929714445612,-172.33,70.61
272,4268.015,20.41,164.1,251.0899639611115,206.70622293486954,255.66246406218494,234.35710565843118,-175.14,97.11
273,4283.225,32.41,201.07,249.40575063543812,224.67808816170748,254.86131767363634,224.47514148191516,-177.91,122.04
274,4298.724,45.28,239.31,244.13285400693474,237.55065165138993,215.0113346621233,236.78459470461843,-168.47,135.67
275,4314.874,58.85,278.73,232.93220167722524,259.9875508558054,231.5906072622406,268.5842686216761,-148.6,122.02
276,4329.963,71.2,315.24,223.87587810540123,290.86778594406087,227.53555851386693,297.28553906567504,-130.4,105.57
277,4345.468,83.22,352.0,216.31391665165978,328.1274484099128,214.2392703134342,327.9108975435091,-111.1,87.6
278,4360.666,101.03,386.49,211.63444908911154,370.52578385316184,206.18124552310167,366.8321489280845,-93.31,71.02
279,4376.16,123.82,418.0,208.73342457325583,414.6358224996967,211.92384463415377,270.32660564531216,-75.51,54.42
280,4391.655,146.93,448.8,206.4321702747747,458.9362980850393,208.87450175917687,459.16756464169134,-57.36,37.84
281,4407.243,171.27,481.1,204.51792493947926,505.78596708489255,208.6080351728655,489.54985197342273,-38.62,20.92
282,4422.645,193.96,511.53,203.73447694909643,555.9521182619956,203.34338129843286,557.5066474336242,-29.81,2.6
283,4438.33,217.0,543.21,205.73130279579766,614.3710567726966,203.1864852766569,603.2266719603584,-49.73,-10.24
284,4453.718,241.76,573.72,207.94065734289416,672.1276614602318,248.22959763568306,663.1397648663095,-73.17,-20.06
285,4469.659,272.19,596.25,210.486232825864,725.9752944832214,217.36986733511353,728.2909358931769,-96.12,-29.36
286,4484.665,305.54,619.62,212.79161397990313,782.6839040762242,205.94602179477687,781.582540383489,-118.35,-38.34
287,4500.491,336.79,641.5,214.76136273741696,839.0280856443364,218.47888913861215,857.0605077429915,-141.59,-47.79
288,4516.54,368.75,663.98,215.5296153294279,900.462355959426,209.85371764881083,907.9512396913101,-154.53,-68.83
289,4532.036,398.61,685.61,215.78076863088842,960.3454993386495,227.56182742806456,961.2920486066876,-162.89,-93.48
290,4547.177,430.39,708.34,216.08099402709306,1019.7166596658112,212.65140687978433,1049.4982091375987,-170.15,-115.78
291,4562.553,465.43,724.78,216.64512402957405,1078.248297239555,232.61075003865275,1088.2072786101564,-178.13,-140.35
292,4577.947,504.42,736.84,217.47040697229596,1134.278298831464,208.34206435423616,1138.7279695024474,-185.62,-163.4
293,4593.247,540.66,747.92,218.13767457972992,1188.3348918549855,216.8735962997298,1188.9068073371093,-193.2,-186.74
294,4608.642,579.06,759.66,218.585209226227,1235.4776218531842,217.33723254605414,1235.3819445271276,-191.48,-206.09
295,4623.646,615.5,771.04,218.90178667560662,1250.6303359906155,213.96385262258647,1246.5484324469553,-169.88,-202.23
296,4639.063,652.1,782.9,219.28473957254315,1261.0578836040795,205.41480289831588,1263.1880238833398,-146.37,-193.17
297,4654.473,688.98,791.66,219.7881220504389,1269.6764983648393,218.1852974049948,1268.6334058181048,-123.55,-183.98
298,4669.877,726.7,792.02,220.545057040111,1271.9257120602601,233.50280784597786,1276.286623759775,-100.11,-174.51
299,4685.176,765.67,791.84,221.38365757212276,1275.9835106301334,219.2807240577676,1277.6956253826918,-77.88,-165.53
300,4700.886,801.96,791.23,222.11520834453148,1277.0055718359258,220.87352501991555,1276.2830389269518,-54.43,-156.05
301,4716.285,839.85,790.56,222.91156801794892,1279.8648681794496,230.0398965255645,1281.0634645607513,-31.57,-146.82
302,4731.386,877.32,790.32,223.6906895160428,1283.6349578443244,205.64003613707192,1278.534675853642,-9.37,-137.85
303,4747.321,915.31,790.16,224.45467822725288,1286.7946341199904,220.0474992425438,1287.7668576352883,14.11,-128.36
304,4762.432,950.81,783.49,225.35483937806367,1284.4911721378237,248.43752484675457,1286.1337839000385,36.93,-119.14
305,4778.477,988.84,771.21,226.50298018055548,1279.7449404080487,228.04694457362154,1289.6934141294387,60.5,-109.66
306,4793.968,1025.66,759.25,227.58432705319655,1274.1800460296026,226.87411024118262,1273.272107247926,84.97,-100.19
307,4809.256,1061.03,747.4,228.66303041194917,1270.3670450700458,226.62494494049653,1278.6084724721577,107.19,-91.66
308,4824.656,1097.33,734.91,229.78874863591156,1266.3728220788694,228.61090863948704,1260.202388043267,130.24,-82.67
309,4839.74,1132.7,723.04,230.87746774630867,1262.0032383476678,236.5361928723082,1261.9853908499554,153.64,-73.26
310,4855.344,1168.97,710.32,232.94210136483153,1273.3028545086986,228.92236448757725,1274.511016146068,152.84,-57.0
311,4870.835,1168.97,710.32,233.9933993041107,1281.625478250179,236.07581916307086,1276.3416074587542,132.2,-43.12
312,4886.206,1202.68,687.03,236.7184464072181,1307.0344651921005,234.90776022345648,1347.295618462081,110.02,-30.21
313,4901.699,1233.26,664.81,239.23933760890762,1333.4167363581423,236.98481073408223,1342.4020313028773,87.44,-17.17
314,4917.932,1295.02,618.39,243.13471573731024,1378.3312245247873,241.29449205942936,1374.3049301454673,65.45,-4.47
315,4932.935,1295.02,618.39,244.04548858908717,1392.9616041011325,245.17694785046734,1379.9360285724674,42.55,8.75
316,4948.416,1324.02,596.88,246.15276347744253,1424.4391243222715,247.9117720703705,1497.247766795481,21.19,20.98
317,4963.802,1353.25,575.57,248.13392929048527,1457.8523184808537,249.07794948237688,1458.1279601143465,0.28,32.61
318,4979.203,1379.85,550.61,250.15943241991417,1490.1120152860992,255.8328153306181,1494.935587747712,-21.81,44.86
319,4995.114,1402.41,519.13,252.30114744301144,1518.7459359616407,249.47611673297672,1519.5514420609795,-44.45,57.41
320,5010.944,1446.27,456.49,255.65767094529397,1561.311410353489,271.88114214618935,1553.3668639461578,-66.38,69.73
321,5027.06,1466.51,427.73,257.51657560201306,1593.9328323677885,256.967523221851,1594.0993252801254,-89.74,83.19
322,5042.345,1488.62,397.23,259.3370609484276,1628.7542091426808,251.6626916510283,1631.5432858085894,-112.01,95.86
323,5058.053,1510.15,366.99,261.0682551073575,1652.477953619957,257.63748091620096,1646.803116338118,-122.29,110.43
324,5073.35,1525.51,331.96,262.55760087345016,1640.6313651152716,265.34394583554683,1644.4687216590128,-101.3,119.45
325,5088.461,1525.51,331.96,262.6124583424274,1615.026098860325,258.11299750613426,1632.5029891819108,-76.11,124.3
326,5104.59,1547.8,259.37,265.32663519808494,1604.9057176357744,297.02791804193174,1606.858482611939,-51.77,128.61
327,5120.296,1558.95,222.89,266.7572480428229,1588.0427194820675,292.42281595044625,1585.5668714489534,-26.55,133.06
328,5135.691,1570.09,187.6,268.1666623236953,1572.564972807165,288.4020022114821,714.8693207878813,-1.67,137.29
329,5151.095,1581.69,151.79,269.33576595086157,1562.1749764350984,270.96893956614616,1569.657806717613,19.62,133.68
330,5166.399,1581.69,151.79,268.5515322744474,1550.7655247973498,299.4732653486997,1536.8422240704015,31.42,112.59
331,5182.107,1591.3,117.33,268.964684671737,1549.6429821413706,263.1521826279944,1552.5905855225135,41.91,89.33
332,5198.044,1592.16,76.33,269.5928725507729,1539.6188684216625,272.0952321797702,1537.8362092216341,52.58,65.39
333,5213.145,1591.85,37.23,270.1776386833877,1528.8473479062584,269.6315864172285,1513.9329587263394,63.01,41.97
334,5228.725,1591.19,-1.12,270.78377020329947,1518.3920624792531,277.60795863839286,1527.9686792614393,72.94,19.65
335,5244.018,1590.53,-38.98,271.36572733689565,1507.9183610859045,275.4015057524374,1508.1311806809838,83.04,-3.04
336,5259.75,1590.34,-74.9,271.84520485449144,1497.5465272571666,276.81712671561957,1497.207713564486,93.57,-26.68
337,5275.026,1590.18,-113.85,272.49356698833907,1488.028995685232,275.1382479457124,1487.9903117641977,103.56,-49.11
338,5290.842,1584.26,-150.68,273.0475357037646,1472.4123292406919,272.9437433782331,1524.8055164499806,113.93,-72.4
339,5305.974,1571.8,-189.0,273.69637014750185,1450.6177133897131,281.38335375308856,1451.0733097757475,124.2,-95.48
340,5321.334,1559.9,-223.64,274.2284891129376,1429.4610819815978,271.28197761131906,1430.741268920067,134.33,-118.24
341,5336.149,1547.57,-259.46,274.8927833034146,1408.9340896223641,275.14717588795065,1409.1980156031798,143.77,-139.29
342,5351.546,1535.75,-294.32,276.4500128776058,1387.3516019380234,270.6446394428193,1381.864484451876,157.18,-138.47
343,5367.068,1524.09,-330.15,279.0100834056533,1380.5144513550013,276.7086686428539,1385.0269768192113,160.61,-113.95
344,5382.657,1511.91,-365.85,281.5981787017711,1378.4353887651027,285.94411331482456,1467.6464818405227,161.62,-88.72
345,5397.902,1490.75,-398.19,284.0819063598968,1369.4535881146173,284.60307139087456,1379.2079674142449,162.45,-64.99
346,5413.701,1468.63,-428.04,286.6022210005643,1362.0414665126757,295.23351823466106,1386.128071321296,163.37,-38.87
347,5429.353,1445.13,-459.24,289.1638260387353,1356.0469506989793,285.1894239268492,1355.9960902692142,164.23,-14.09
348,5444.477,1422.58,-489.16,291.70219842867346,1353.3905065427348,309.46391737392867,1363.360300555852,165.12,11.3
349,5460.181,1400.07,-519.8,294.2618669695686,1353.6373719722721,294.0762110945273,1354.280108585181,165.99,36.42
350,5475.597,1378.28,-549.57,296.77087851547975,1356.9442471966192,313.7990972620139,1325.2799496801608,166.78,61.63
351,5490.992,1353.47,-577.59,298.7144647999315,1362.0707929105595,299.59093151679065,1367.7533634780625,158.9,76.81
352,5505.999,1323.64,-599.16,299.25824358524005,1356.8376137548664,311.0366814207408,1359.2804577611716,139.9,63.99
353,5521.084,1291.07,-621.98,299.7882652311557,1346.5078208833397,298.9676318995154,1356.4222965327729,122.48,46.96
354,5536.389,1259.85,-643.84,300.22185624325925,1336.943549818017,299.4690549678777,1328.304479703681,104.62,29.11
355,5551.792,1228.38,-666.04,300.7306735744502,1327.1150527365744,313.25690361218994,1321.4205860915472,87.62,12.12
356,5567.09,1199.11,-687.27,301.1079301995817,1318.7991401650213,284.3500169006753,1303.1124050448468,69.96,-5.91
357,5582.266,1168.64,-708.98,301.6302968637883,1309.1201339067397,299.266481337222,1296.099113029102,53.99,-22.43
358,5597.881,1135.35,-724.56,301.90080492414177,1294.4832273150546,289.20713842026873,1217.4328287147043,36.38,-40.49
359,5613.595,1099.13,-735.77,302.1119644675201,1275.2845958843855,285.6116366973442,1261.3391337522362,18.95,-57.86
360,5628.781,1061.59,-747.25,302.4562376272582,1260.604406663724,92.82855236907301,1260.1700896715374,-2.11,-70.74
361,5644.497,1025.11,-758.4,302.78019422998057,1248.6294906816834,302.3277407954447,1256.663446953028,-24.68,-82.37
362,5660.506,988.01,-769.92,303.1211768307986,1236.9065059655884,303.826263805494,1235.1378052313385,-47.92,-94.06
363,5675.495,952.88,-781.31,303.491001347252,1226.1555433141425,303.5686518613231,1218.266528964134,-69.7,-104.71
364,5691.187,917.97,-791.36,303.79442892554823,1215.106077509285,298.0050246132504,1217.5111071476279,-91.83,-115.5
365,5706.693,878.92,-792.29,303.8658115206194,1195.370678618143,299.7666245018087,1194.139233266017,-113.65,-126.17
366,5722.087,840.34,-791.84,303.827564478255,1175.382591754702,315.99495352972986,1176.9479175902895,-136.07,-137.51
367,5737.805,804.78,-791.22,303.69281237861725,1157.8756439272743,300.7349237891213,1156.5056057433553,-158.6,-148.9
368,5752.996,765.49,-790.53,304.1586527858318,1121.5054012353216,310.18524129489685,1421.3536511810846,-162.54,-160.82
369,5768.686,728.17,-790.37,306.21458948368104,1074.4042714453437,312.4254133176442,1082.808538983061,-138.67,-155.6
370,5783.967,689.82,-790.21,308.6431572442685,1031.7901127651885,337.0118308132243,987.4648229345918,-116.06,-145.89
371,5799.261,652.5,-784.99,311.0573793247389,988.7114096641143,307.90909402798866,987.9342583911971,-93.04,-135.59
372,5815.082,614.87,-772.92,313.4070104768333,942.9165407924498,312.29679762508226,947.2856460273588,-70.15,-124.97
373,5830.415,576.98,-760.24,315.93550913768024,898.230193769949,308.5681973310927,897.5936166865869,-47.71,-114.81
374,5846.144,539.55,-747.35,318.74039937399186,855.2147520944666,318.3476322144751,853.2976676579838,-24.44,-104.46
375,5861.554,503.61,-735.02,321.80947710056023,815.7166726259799,289.0742337026343,831.8681372441038,-0.73,-93.9
376,5876.855,468.49,-723.54,324.97676584459657,780.4553318416116,329.22104538509194,797.6908968747766,20.58,-84.41
377,5892.68,432.02,-710.86,328.6678259205039,745.7324243989932,327.26909558621,734.4424799871825,44.24,-73.88
378,5908.627,400.66,-689.67,332.0319183948332,709.2205892386373,347.8199871352738,707.0102795672326,68.05,-63.28
379,5924.431,367.92,-665.7,335.7306770463374,672.3170424732665,371.8438611496082,672.5846329289541,91.58,-52.8
380,5939.73,336.34,-641.93,339.7165634174922,639.0905210531603,344.05479163669435,629.1917467720692,114.79,-42.47
381,5954.808,304.52,-617.95,344.06067771504513,609.025151040579,339.67338147588293,604.4111592699826,137.27,-32.34
382,5970.511,275.11,-596.3,348.62658096733753,585.8443620109354,355.35346985434927,719.434350179064,159.58,-21.96
383,5986.216,244.83,-574.11,353.7020505629697,566.1870053259788,350.07863967539305,565.5050449714307,182.72,-11.34
384,6001.627,218.25,-547.68,356.8358437354452,527.2037272250643,357.42993686045224,520.9098029600285,189.15,-21.28
385,6017.229,194.8,-514.99,357.06371302136455,478.2779239103557,350.03497593082943,474.6620120853161,170.3,-37.34
386,6032.798,172.86,-483.66,357.0507180377593,433.4140694532193,363.4794197014621,443.1519872660725,150.56,-50.82
387,6047.67,151.22,-452.76,356.9354314517916,389.06639549053835,367.053783659566,388.7622769079132,130.42,-64.25
388,6063.701,129.04,-421.61,356.5998740502078,343.7951835032015,362.37995531503606,324.8661226155033,108.65,-78.42
389,6078.9,107.34,-391.73,356.38812130958996,300.64717876607455,352.96714683706807,188.57605721705283,88.4,-91.68
390,6094.288,85.16,-359.81,356.16899749785404,261.1736024180086,340.80716542899415,262.8241169481761,67.71,-99.22
391,6110.195,71.95,-323.59,355.68203162148245,244.38366577985522,404.0862532784472,239.65227612789334,53.55,-79.9
392,6125.484,60.5,-286.49,355.8116989141594,230.57577322867206,353.4093638022706,219.739491327991,43.66,-56.53
393,6140.873,48.77,-248.11,358.1294144721102,216.28525724144956,342.5110769033786,222.57255879641238,41.71,-31.94
394,6156.387,37.7,-211.91,1.4292192876672374,204.07348725397918,-3.101372689160794,169.00309425243717,42.79,-7.9
395,6172.085,26.59,-177.42,5.145458167938813,194.90542527082204,8.351885384610647,195.34688329212239,44.07,16.7
396,6187.288,15.32,-142.16,9.324178959729664,186.8284841773331,9.566293314434512,222.94213292572798,45.59,42.2
397,6203.115,7.7,-104.41,13.037450998359489,175.45267538570053,2.348189346055195,179.7726726514934,47.28,66.52
398,6219.027,7.77,-66.47,14.437671761252929,165.12473164247686,22.104513596647934,127.25809844490895,48.94,93.44
399,6234.28,8.45,-27.09,14.434003636702528,119.83246388187133,16.308779562862515,119.6860339430809,38.32,88.96
400,6249.794,9.12,11.54,27.544894149843316,58.580130590499714,22.487621306737893,58.329072971623674,36.21,63.48
401,6265.428,9.58,49.5,112.54099950643274,29.06002752923679,119.78916550305898,31.442441360648445,36.42,38.36
402,6280.668,9.6,87.54,159.5635251162829,77.95659625714812,158.81291105121196,-120.43325102556231,36.82,14.49
403,6295.875,10.15,126.97,168.78362474045747,139.3210881381566,167.95133668213512,139.02359914244732,37.25,-9.69
404,6311.261,20.0,163.15,174.87121640537248,197.5509382412546,207.11278991025557,201.5430605090396,37.66,-33.61
405,6326.661,32.48,201.64,178.82499062069473,260.8948602406724,179.15627669616975,262.7373848403525,37.83,-59.2
406,6342.369,44.91,238.0,181.24590579430526,321.9361110531094,173.5035352220033,319.7494402156723,37.91,-83.86
407,6357.485,57.9,275.72,185.074519607453,376.3651633719572,201.91607743452835,376.9819402782299,24.61,-99.17
408,6373.505,70.48,313.08,189.72426478519782,423.60636550930155,191.26623508662973,432.4388275382867,-1.07,-104.44
409,6389.205,82.07,348.57,193.23213250760375,469.3817635997376,201.99366775746148,389.3537447349537,-25.37,-108.35
410,6404.913,98.94,382.94,196.88103902389128,517.4155746592868,195.97045203935286,527.7747303820735,-51.31,-112.18
411,6421.044,145.49,447.15,201.5158254114581,605.0307817789108,192.27022380540535,601.1719719531463,-76.41,-115.72
412,6436.549,145.49,447.15,203.55365867903785,617.8559009995778,159.6365569179079,588.5418774207291,-101.41,-119.23
413,6452.05,169.25,478.8,206.15592546644555,670.1442967749557,202.0137747657897,669.6653087755188,-126.16,-122.72
414,6467.553,193.43,510.9,208.38029071126653,724.541043488911,212.56385311368263,726.6618396106519,-150.96,-126.56
415,6482.553,216.45,542.26,210.1887531619865,778.1242487546574,231.64062330504635,776.6916691740402,-174.83,-130.33
416,6498.077,241.08,573.09,211.96333739109454,833.4521775123034,211.97053934998877,837.9073726089144,-200.13,-134.0
417,6513.677,271.75,595.95,211.91097063526672,874.8566580303313,231.67116781374452,870.545774409417,-190.7,-146.69
418,6529.077,304.07,618.62,211.44340879542722,900.5740574766743,206.22213655110403,891.1540907259582,-165.72,-149.71
419,6544.482,335.81,640.84,211.0435531005341,924.7812924686572,235.5163909352168,921.5912254489725,-141.09,-151.49
420,6559.886,368.49,663.77,210.7161694171001,950.1247523351867,211.12215263212792,942.6700042366803,-116.82,-153.06
421,6575.904,399.71,686.38,210.26516430796127,973.5069054197818,220.09355571639998,977.5184583539128,-90.94,-154.44
422,6591.087,431.08,708.85,209.88719686090656,997.2224967879534,246.1239064040065,833.6124511039426,-65.83,-155.75
423,6606.494,465.91,724.67,209.9315266299771,1017.3866647936761,211.41358582655246,1026.1134163711947,-41.73,-157.02
424,6622.422,503.67,736.46,210.14671443651534,1034.793904601298,204.04453372023005,1095.5637430952343,-16.02,-158.37
425,6637.721,542.74,748.41,210.4763223827573,1053.9209538670345,225.4826686107566,1052.7582923375778,8.21,-159.9
426,6652.809,581.31,760.2,210.7546216959928,1072.6639112508633,231.81635622558863,1105.3269000308594,32.79,-161.61
427,6668.815,617.17,771.63,210.8508846357533,1089.0678634961184,211.31677160271622,1088.3917246660437,58.69,-163.34
428,6684.415,655.01,783.82,211.051263184378,1107.182437089751,185.9935510047516,1106.2691438160196,83.92,-164.71
429,6700.13,691.46,791.76,212.6681241400543,1119.9542019654195,213.57968779509136,1115.7402074403467,86.94,-151.03
430,6715.643,729.9,792.02,215.5293809148938,1139.935982237599,221.16205401641392,1141.5311205694034,67.46,-135.68
431,6731.452,769.51,791.8,218.32941087795416,1165.1099934340964,219.1583043256695,1169.9006609913333,46.93,-122.18
432,6747.079,806.31,791.17,220.94244873591757,1190.9953573377186,224.12603250334686,1189.6319528387398,25.85,-108.47
433,6762.503,843.85,790.51,223.50334532122775,1219.9066661019606,224.22046846424385,1230.1494420001657,4.07,-94.33
434,6778.194,881.82,790.33,225.84798491048213,1251.327139200617,224.00537729860352,1239.9692603668068,-16.0,-81.3
435,6793.589,920.18,790.07,228.14671443020174,1285.3226149103577,233.23576978793682,1285.0586961542133,-37.2,-67.53
436,6808.778,956.69,782.33,230.4761501601577,1314.7561928357668,232.84915960539186,1310.092702644179,-57.46,-54.38
437,6823.981,994.15,770.02,232.8781972529772,1344.232991895378,246.29351962135007,1352.4076757362154,-77.68,-41.24
438,6839.802,1028.55,758.2,235.11429421460613,1373.9698077104897,231.08028303706212,1377.8642919583194,-98.51,-27.63
439,6855.191,1064.12,745.95,237.35375228991478,1406.7645449043703,234.47587088597146,1387.340225949825,-120.4,-12.93
440,6870.599,1100.44,733.74,239.4869324056434,1442.032155605415,239.67866647078338,1433.6924736940098,-141.89,1.57
441,6885.775,1136.53,721.99,241.4454752293358,1478.8652786849789,241.7105168191239,1475.4000665442225,-162.45,15.1
442,6902.041,1172.9,707.45,243.1915808572885,1518.2412427542602,238.19475125517152,1493.5902872606537,-182.16,22.71
443,6917.641,1205.29,684.45,243.69692232539467,1544.4146301107096,242.01377406771314,1532.5938232655712,-179.22,0.09
444,6933.747,1236.47,661.81,244.00457883620575,1562.722031584632,246.2653863962142,1567.781378187263,-168.15,-23.13
445,6949.466,1267.16,639.51,244.3257169421832,1580.1563449861535,242.5351620261859,1598.1609724067062,-156.99,-45.1
446,6964.748,1297.58,616.87,244.6249196483567,1597.2055763113276,217.71074427988546,1597.1449139084061,-145.53,-67.6
447,6979.957,1327.33,594.45,244.94507865418856,1613.816472372246,246.32814828257222,1612.9194796353436,-134.63,-88.98
448,6995.316,1358.97,571.27,245.29438001563932,1631.869618719584,231.22053679053766,1623.8569341094023,-123.53,-110.78
449,7010.575,1384.02,544.83,245.64276281529857,1642.6274282380652,241.12568707862033,1642.375965041821,-112.4,-132.63
450,7025.767,1405.54,514.58,246.06100698372444,1648.9893236767787,236.53377914035948,1649.785948078362,-101.6,-154.52
451,7041.07,1427.14,483.74,246.46171391155036,1655.2911155443323,281.1564206686616,1654.3884497591268,-90.42,-177.32
452,7056.696,1448.34,453.46,247.1330256174221,1653.1953754169529,314.82801471684087,1682.066803854297,-74.93,-188.96
453,7072.096,1470.33,422.45,248.73551620352015,1640.5659319271504,251.19347166509263,1638.9492003600635,-58.54,-172.54
454,7087.619,1493.03,391.2,250.51674046030718,1630.1012587259725,280.1308738245928,1690.5897125661472,-43.73,-152.49
455,7103.217,1515.43,358.99,252.3748525298877,1620.6046436129943,258.3516278665539,1662.7947027279656,-29.1,-131.71
456,7119.649,1528.03,324.42,254.24913515459193,1602.5125196702832,255.42719320693033,1603.531327061877,-14.31,-110.59
457,7135.46,1539.58,286.77,256.2742177032435,1584.0670782829873,260.27450789338593,1582.0790561548781,0.75,-89.09
458,7150.776,1550.8,250.09,258.2826660260303,1567.7292585137268,262.6499120659258,1568.1591975010845,15.74,-68.29
459,7166.283,1561.63,214.65,260.2908211569525,1553.0045156727654,254.0810531318145,1549.8988996550052,30.87,-47.26
460,7181.981,1573.09,178.13,261.1452807146419,1550.124657761433,239.87907966121867,1554.1788096493333,41.44,-60.48
461,7197.59,1584.16,143.9,261.59402865188906,1560.544771962663,263.3241861469783,1557.5648145328544,40.38,-84.23
462,7213.01,1592.12,107.18,262.06868813473034,1569.2915248608206,264.0457345086828,1559.1880477075033,37.84,-109.36
463,7228.498,1592.27,68.81,262.55728170684347,1570.3100822767458,268.9510267155276,1526.2226815596318,35.19,-134.6
464,7243.791,1591.63,30.19,263.0954682621465,1570.3484231214422,268.49405291103443,1573.7070843413933,32.67,-158.59
465,7259.707,1590.97,-7.66,263.543973439364,1570.9623450611411,405.0011666516632,1569.195858998608,29.97,-184.3
466,7275.705,1590.41,-46.89,264.7932678555487,1576.86655732183,265.8802138647595,1577.1921058951866,20.05,-189.99
467,7290.878,1590.39,-83.06,266.93858115086715,1572.8446712882999,277.53134235287,1572.5485344976244,19.79,-167.06
468,7306.269,1590.02,-121.24,269.21579662132774,1566.5067261904749,257.0211826407592,1560.22878745788,23.66,-142.68
469,7321.882,1582.03,-156.95,271.4453702671899,1554.484591174837,271.45454119728,1553.0749134360192,28.04,-117.74
470,7337.379,1569.59,-195.38,273.8069995831909,1540.6095638415334,263.6158836012773,1538.7092982765178,32.38,-93.09
471,7352.677,1557.65,-230.51,276.08023916122903,1529.5343425369697,273.6446212164522,1525.4083652049924,36.72,-68.5
472,7367.875,1545.47,-265.88,278.3530370295905,1520.732325690488,286.7621348289002,1518.2921980094677,40.87,-44.96
473,7383.275,1533.41,-301.23,280.6828643326098,1514.5701040229205,286.3345375921009,1512.0585851826572,45.09,-20.47
474,7398.831,1521.67,-337.26,283.04450233755205,1511.68906273744,284.9960344011338,1505.7983963943202,48.99,3.94
475,7414.245,1508.1,-372.93,285.4803488927026,1509.584631214825,282.94771763529576,1509.600449567767,53.28,29.99
476,7430.266,1485.31,-405.3,286.8147974654984,1508.3706606799271,298.13505675425625,1515.6080615169835,41.43,31.04
477,7446.404,1462.65,-436.17,287.21616625524854,1497.2755997811491,292.0988877856326,1500.9308089966476,32.46,6.99
478,7462.109,1439.26,-467.23,287.65964427029763,1483.3104289055614,296.8909406823435,1483.5469177517962,25.85,-17.25
479,7477.516,1416.0,-498.1,288.0941267309329,1469.3846358254873,289.1508758335698,1443.386006169625,19.28,-41.74
480,7492.922,1394.53,-527.3,288.47263514472667,1456.73830432923,301.31089610661473,1455.2075534853782,12.85,-65.73
481,7508.306,1372.86,-556.87,288.87672210042103,1444.0875321461644,283.34548110432894,1444.1695150680382,6.44,-89.66
482,7524.01,1346.98,-582.91,289.5675365941825,1433.7848515031815,291.46320933099133,1434.6177959530241,-4.0,-102.71
483,7539.092,1316.12,-604.76,291.5784216001804,1424.7322747800724,293.68276292409917,1423.2429193366575,-8.76,-80.78
484,7554.393,1285.12,-626.47,293.81010956813844,1413.7242633908493,298.7724880839961,1411.389098328061,-8.28,-55.74
485,7569.895,1253.19,-648.83,296.0858480090226,1403.6289618342878,298.98551599634465,1408.7379119053255,-7.46,-31.63
486,7585.193,1223.18,-669.85,298.32822624228936,1397.0903875197196,296.4665667050938,1438.4365381076695,-6.6,-6.9
487,7600.603,1193.75,-690.99,300.6001917932697,1393.5329482290686,294.26647339505087,1658.9507736468597,-5.72,18.38
488,7616.084,1162.75,-713.22,302.93581342619416,1391.1921477998644,307.4550794129955,1330.6640436676846,-4.85,43.17
489,7631.581,1127.76,-727.06,305.10826322856076,1383.4078412745823,311.2296377144078,1382.0928017161723,-3.96,68.57
490,7646.777,1091.03,-738.32,307.21743674166464,1373.963275855654,299.9371004993281,1335.0111562977345,-3.12,92.71
491,7662.697,1054.59,-749.46,309.4040365276501,1367.6915281232095,313.99308618619955,1366.985404943111,-2.21,118.73
492,7678.289,1016.52,-761.1,311.6313030382684,1361.7233087525526,314.5511048743559,1395.1462934152203,-1.28,143.54
493,7693.581,983.1,-771.46,313.70519519868407,1359.972170965274,307.99490300837766,1358.1626536686695,-0.03,168.21
494,7708.755,947.07,-783.14,315.46682409364035,1330.4584978495195,307.7753412660266,1325.976676976917,13.99,165.27
495,7724.16,909.22,-792.05,316.5574239085279,1287.5726218353666,333.74640827825624,1278.8419007547109,23.85,142.81
496,7739.447,872.07,-792.33,317.34225726700146,1239.6817427469036,325.88172075913087,1241.679289949425,32.04,119.35
497,7755.054,834.73,-791.72,318.14686937882425,1190.455731390294,318.4384181112623,1201.667564896626,40.43,95.0
498,7770.238,795.65,-791.04,319.10582355862925,1141.3641454417605,311.9722403102399,1141.847979508863,48.44,71.74
499,7785.553,757.05,-790.44,320.1313295548392,1092.850488813543,350.8467262509628,1093.7856931133565,56.5,48.34
500,7800.85,718.38,-790.4,321.2758999085049,1045.2372881312644,321.91290661482935,1048.1608085291325,64.51,25.06
501,7816.127,679.59,-790.05,322.53327975020954,998.240155974503,311.04221099632116,999.0104559782095,72.36,2.26
502,7832.365,644.81,-782.06,323.4160999898296,946.3937901846143,317.58070329634046,952.1877476207139,80.76,-22.12
503,7847.841,608.98,-770.46,324.32725531767005,892.5588251762458,324.69534355794883,891.1963464702164,88.48,-45.38
504,7863.44,572.7,-758.67,324.99497822747554,870.0628258924754,309.06711084698384,871.1711100995191,73.59,-46.0
505,7878.535,536.54,-746.61,326.37669016476525,864.0848171909977,357.36946871042625,863.1111268112767,58.07,-27.09
506,7894.258,498.69,-733.59,327.9267616282824,857.4530264101936,321.4659869391233,860.0207496041656,43.38,-7.01
507,7909.581,464.09,-722.0,329.3634288894747,854.7251546549919,329.7505553918269,859.7094478523235,28.53,13.42
508,7924.974,429.86,-709.63,330.77126938765633,850.7726414266035,329.91470932343793,851.2794393240355,14.43,32.82
509,7940.47,397.83,-687.49,331.7424658314394,840.3679122860416,323.4133570873453,843.6114233985544,-0.03,52.73
510,7956.052,366.05,-664.33,332.6826600302344,830.0820945545084,337.67294823482587,874.4649130340455,-14.89,73.18
511,7971.139,334.59,-640.67,333.62966024933445,818.5352982614738,327.40312528562833,802.5788289647697,-28.98,92.69
512,7986.849,303.44,-617.21,334.5878703959279,809.4818481596731,337.59479244209933,814.7728208280226,-43.93,113.95
513,8002.763,271.83,-593.88,335.12635995326957,781.6585001776671,333.569953175629,777.8682974564638,-56.95,115.27
514,8018.076,242.19,-572.15,336.1188067372666,724.9010322106045,336.937019550893,726.2418703091467,-51.28,90.69
515,8033.469,216.37,-545.78,337.13991020751973,666.5427815977005,336.14274220380884,665.0421061886946,-42.57,68.41
516,8048.957,193.86,-513.94,337.8973438200819,603.2415009761846,344.17152752008406,605.178768748811,-33.12,44.97
517,8064.435,170.76,-480.95,338.8463357110106,540.0829807538838,332.8062675386604,532.7964746236826,-24.14,22.74
518,8079.86,149.29,-450.29,339.965691103617,478.015863439698,347.32106890910023,478.65038235300267,-14.47,-1.2
519,8095.039,126.67,-418.2,341.4868020579547,416.78858429664314,338.13611994688284,334.24986324862334,-5.67,-22.98
520,8110.963,104.27,-387.31,343.53611444591365,354.89104243415335,326.1463889112415,350.14287618629294,3.69,-46.97
521,8126.665,82.8,-355.13,346.1697737969989,293.41664523336095,349.17384288887627,274.6862527403482,12.66,-70.22
522,8141.781,70.87,-320.22,345.5736636353463,239.3882102360098,349.7575980080361,232.26056469956887,11.23,-88.38
523,8157.404,59.6,-283.43,340.09375404624336,212.08166398819114,337.4569317662594,211.2023229533898,-12.61,-84.02
524,8173.414,47.83,-244.91,333.7021070189803,190.8638931280613,336.51538463765604,192.7508488719236,-36.73,-73.8
525,8188.816,36.63,-208.53,329.37437634056755,173.48927488464523,333.1668976401908,174.57923868991838,-51.75,-59.24
526,8204.335,25.46,-174.03,333.1965260915132,155.8329265591839,333.3258494917604,164.28556184517825,-44.81,-34.94
527,8219.732,13.41,-135.88,338.37022069480537,132.66134478437945,342.1106658759141,132.21644926403178,-35.49,-12.56
528,8235.041,7.84,-99.59,343.1274760491784,115.28258324655984,355.0395363229859,-3.7518018978255867,-25.62,10.73
529,8250.325,7.78,-64.11,346.06399202425933,99.81811458848539,347.60259711632716,96.86602450277003,-16.26,32.77
530,8265.707,8.45,-23.05,349.44220213623197,80.22821760453114,348.2007484155177,78.45082848972262,-6.25,55.82
531,8281.497,9.12,15.67,355.4479795602268,63.63071113856892,356.2016583738718,66.37680910054225,4.07,79.1
532,8297.114,9.61,53.53,3.2552413099571,49.30956195303301,28.722513050412754,45.19168691714347,12.41,102.76
533,8312.83,9.63,91.59,13.276734425604047,37.142743571254925,13.894638645728403,38.13805043233255,18.16,127.74
534,8328.123,10.71,130.61,30.088049226899045,25.47222997697688,28.907363907713563,25.673215450857647,23.48,152.65
535,8343.72,22.08,168.97,149.33668002523103,24.52977986040641,154.00058102573254,22.576036548143136,34.59,147.87
536,8359.013,34.03,205.76,179.31810696780457,81.50577218823214,178.54148771901868,343.0480819438342,35.0,124.26
537,8374.832,46.77,243.69,185.44200831013762,145.82728756991952,182.61768606546485,150.12095914943924,32.94,98.52
538,8390.327,59.69,281.25,187.9310722522183,209.66549668459996,184.8500223892364,207.97185733171102,30.76,73.59
539,8405.932,72.44,318.99,189.2076286837775,274.41585686690917,191.14207518660865,272.552082553916,28.53,48.11
540,8421.325,84.8,356.69,189.94158729326574,338.4419514481028,210.47985475823606,338.64663894312827,26.37,23.33
541,8436.712,102.87,389.44,191.3778234435427,398.87892611668525,192.97768967062143,427.8500794930219,24.18,-1.6
542,8452.219,126.91,422.11,193.14683649393675,461.5572467202742,173.0915169040202,460.98966148379145,21.93,-27.35
543,8467.839,150.65,453.62,194.50388102820563,522.7083609432701,196.6339468818048,520.8597177007862,19.74,-52.43
544,8483.015,173.99,484.59,195.56383563764908,582.9038521917658,190.83316026229127,578.0813806068522,17.59,-76.94
545,8499.327,196.86,515.54,196.343472800517,644.3258804362898,195.26694944280217,645.7090586297095,15.55,-102.75
546,8514.41,220.28,547.67,197.01963773110242,705.1943449858343,209.55110043582633,705.0387133796061,13.87,-126.64
547,8530.328,245.51,577.09,197.7453266872021,766.4050441509372,206.44150361634166,767.1575364754023,11.92,-152.85
548,8546.039,277.61,600.29,198.98674621232203,822.8691320009518,195.47592331539138,825.2805292668514,9.89,-177.81
549,8561.872,309.82,622.85,199.26505979912216,847.339009487938,202.9431619250015,849.633190501978,30.25,-177.04
550,8577.465,341.91,645.32,199.8129117757988,858.8288828981009,204.99263835105538,852.0153814990449,50.81,-162.67
551,8592.554,374.08,667.85,200.44603538732753,870.4787510330162,187.3992605136188,886.1684750064675,70.0,-147.79
552,8608.27,406.34,691.11,201.03154318131527,882.2959140787177,191.61012481826901,878.4391502433288,89.7,-132.41
553,8623.598,438.11,713.75,201.5751918559268,893.1476864438489,223.11629706958686,894.9497311573772,109.68,-116.82
554,8639.315,472.82,726.94,203.07299789454945,898.5373309996642,208.60197229603463,899.1165834906911,120.68,-99.72
555,8654.723,511.12,738.75,206.405694595281,922.9540439263484,209.5600361226514,908.3425577470849,100.66,-87.91
556,8670.219,550.07,750.66,209.57751518774316,957.515025730667,216.91153004983747,964.0979613064525,77.44,-82.08
557,8685.296,587.6,762.14,212.04669270198448,974.7456838581027,216.86454952192003,958.7494338317167,70.39,-64.07
558,8700.215,624.0,773.87,213.96060126074426,981.539071153054,222.51949751838652,978.6814793501436,75.69,-40.24
559,8715.524,659.65,785.24,215.77393311572925,988.1307669028428,220.8038048579958,984.4472744892715,82.0,-16.46
560,8730.922,696.39,792.22,217.74792337781477,993.4846519196964,219.65338150208225,1002.0742719411949,88.19,6.66
561,8746.728,733.76,792.23,220.01188242984486,993.1308994286705,221.7666577627201,997.0455278941504,95.23,31.58
562,8762.654,772.39,791.57,222.3554139034746,994.6008788453789,216.9039207259999,990.9796770326144,102.3,56.58
563,8778.262,811.27,790.89,224.5886419353629,998.6867882374333,247.1562190765127,1004.8940801466952,110.18,79.66
564,8793.52,847.75,790.44,226.5845889625072,1001.1015621304365,224.92233448144876,1002.0454457935581,120.56,102.4
565,8808.879,886.66,790.42,228.6309300006825,1006.7984827660399,232.17529043758094,1002.2161033029977,131.09,125.02
566,8824.595,924.15,789.97,230.6178939720818,1012.4050177670989,240.16562167053252,1017.1927511371853,141.63,147.61
567,8839.902,959.8,780.99,232.92479724634367,1011.3744928561329,227.15651093032216,1024.3564889098357,152.88,171.27
568,8855.1,997.72,768.72,235.01911548634598,1015.8500583255385,235.34775260233752,988.4499685537295,165.39,186.33
569,8870.499,1034.23,756.43,235.83893909517715,1053.3530189352475,237.2023309486276,1048.7984876679982,162.62,164.95
570,8886.087,1069.77,744.2,236.8171512228884,1097.178963341897,240.95722873039517,1096.9238646344495,151.51,143.7
571,8901.483,1106.46,731.68,237.7503486362716,1143.7205464622903,239.39278209865654,1144.3093296840882,139.18,121.38
572,8917.11,1142.53,719.93,238.57353822948548,1190.094929322867,235.58494395334665,1193.4055577533811,127.01,99.41
573,8932.517,1176.42,705.73,239.37704728948745,1233.739771953551,244.20014974176198,1231.95460189557,114.74,77.28
574,8948.416,1207.0,683.99,240.34682139579436,1270.948342774009,234.0032921360369,1268.7886885126707,102.5,55.19
575,8963.713,1237.96,661.33,241.3290516841735,1307.811340828638,240.26670943282434,1299.1142319156297,90.5,33.87
576,8978.384,1267.01,639.47,242.23367189585642,1343.2597650864109,237.5009770000053,1362.5177180873743,78.42,13.69
577,8993.794,1297.42,616.56,243.28091383113372,1382.3556356451836,246.60675980708842,1384.2877502889276,62.67,-4.97
578,9009.72,1327.7,594.21,244.25992625580545,1423.1990749013296,241.1777882645277,1425.8036033030758,45.72,-23.87
579,9025.216,1357.66,572.28,245.16994837780027,1464.0837830192643,197.46760782712292,1456.0756582558447,28.92,-42.53
580,9041.258,1382.89,546.51,246.09361810042233,1499.296403417283,246.78426082893515,1482.8540511284477,12.22,-61.07
581,9057.059,1404.88,515.54,247.09094273035677,1530.7387291435466,252.83108119303367,1532.644180618357,-5.12,-80.33
582,9073.092,1427.13,483.76,248.0898080874925,1561.9605827612938,239.09307715223576,1561.2707465485596,-22.01,-99.09
583,9088.38,1448.44,453.34,249.00185089585725,1592.687164762748,249.1211174568263,1597.7160570169053,-38.48,-117.38
584,9103.762,1469.26,423.95,249.82661673854747,1624.3590171202918,241.7781977242212,1627.8459782715618,-55.45,-136.23
585,9118.966,1491.56,393.24,250.70247593898614,1656.1080440599278,250.92212963280227,1659.652875606283,-71.5,-154.06
586,9134.272,1512.54,363.6,251.651854108126,1686.5521291083771,256.51884116819184,1681.3679304455777,-88.27,-167.31
587,9149.662,1526.83,328.07,253.70320701746888,1688.7315443255034,251.99533142495767,1696.69449456801,-94.05,-145.81
588,9165.19,1537.42,293.61,255.72383623488034,1682.5910980686901,274.3997973070624,1674.8223227654325,-93.21,-121.31
589,9181.026,1548.46,257.5,257.8322459592034,1678.047895204425,249.1759582385603,1679.8207008951604,-91.89,-96.19
590,9196.753,1559.08,222.76,259.93505125143815,1674.9977496402794,262.948580217281,1671.4680576254884,-90.14,-69.97
591,9212.84,1570.33,186.83,262.0617840749478,1674.738063160923,263.60632513883775,1672.2455942960187,-88.36,-44.46
592,9227.576,1581.21,153.3,264.0675947366776,1676.8402833007085,254.32343090784283,1666.49196674356,-86.65,-20.01
593,9242.884,1591.35,117.66,266.12989496118564,1680.1313192723956,266.06838578059165,1689.8102707208302,-84.95,4.26
594,9258.264,1592.29,77.71,268.3342861535591,1676.4083938289025,264.38477674092076,1668.9619357700954,-83.41,28.98
595,9273.765,1591.78,39.34,270.51309609978364,1673.9071197948826,269.1573720980853,1672.9148525364244,-82.06,54.33
596,9289.057,1591.13,1.66,272.63253314021085,1673.6262595035969,275.8414198223844,1674.5754727756473,-80.73,78.53
597,9304.474,1590.5,-34.48,274.7532747297869,1675.2515788680817,276.28498679352674,1674.08515522975,-78.99,104.34
598,9319.895,1590.4,-73.35,276.7000038933462,1691.8542792155597,277.52846791166616,1832.027011871937,-89.9,124.04
599,9335.9,1590.16,-112.49,278.49608706144255,1718.0641120167782,280.4786160005046,1693.2001136671988,-109.05,141.34
600,9351.19,1584.28,-150.37,280.1838235424047,1739.5252363791678,278.72453879792806,1758.533193558866,-127.84,157.19
601,9366.695,1572.74,-186.22,281.79309626777695,1756.1078866914754,266.37403967033543,1755.6912046867385,-146.3,172.69
602,9382.099,1560.64,-221.6,283.4464423956415,1761.9182127726588,287.02601883295966,1760.9610935333817,-152.98,188.11
603,9397.815,1547.69,-259.2,284.8224142223288,1734.9430335604682,304.83019540498515,1737.050110123364,-129.52,184.64
604,9412.696,1535.59,-294.67,285.9997477287385,1708.6480542229872,282.43626201495385,1712.574978835788,-106.87,176.29
605,9428.205,1523.85,-330.71,287.215102260571,1682.3904442191772,288.7261591817425,1683.2515183610517,-83.17,167.21
606,9443.796,1511.39,-366.71,288.47498198664795,1656.471012846286,293.40706225477516,1631.7285003283662,-59.71,158.21
607,9458.885,1490.97,-397.09,289.68317351851124,1623.0984516350202,293.8511813933867,1605.454336671397,-37.29,149.6
608,9474.652,1467.91,-428.86,291.0122162731275,1587.2347693394322,291.1330218165495,1594.6471807762916,-13.78,140.27
609,9489.938,1445.68,-458.9,292.3256560718641,1551.976614546753,301.43091220467284,1550.5177894518213,10.04,130.65
610,9505.494,1422.44,-489.76,293.741536818678,1518.4117284188765,291.955826466676,1530.977385393686,32.53,121.57
611,9521.063,1400.61,-518.86,295.1383065113007,1485.035119753065,293.43213820235945,1480.5364348359094,56.23,111.99
612,9536.67,1378.89,-548.69,296.6218301084939,1453.1363215128856,313.0022702584204,1497.4516649419286,79.81,102.46
613,9551.935,1354.07,-576.92,298.1756813672157,1420.0617150321318,325.3731191336112,1422.7809863310001,102.28,93.6
614,9567.877,1322.93,-599.65,299.75721009181206,1377.6637517551226,309.41464521795297,1369.9030970614242,126.93,84.12
615,9582.989,1292.58,-620.92,301.3477660293876,1338.7891843005007,300.53284795988657,1334.4463036838242,149.22,75.56
616,9598.754,1260.97,-643.05,303.0962588612805,1299.0084391180837,303.2392367504111,1299.3013985994305,172.72,66.27
617,9613.871,1231.38,-663.87,304.83325092789664,1262.6796338739293,308.23539212138024,1257.5641557786485,194.95,57.36
618,9629.632,1201.53,-685.51,305.6520640922891,1249.5762584972556,303.70402269357356,1234.1469534009198,186.16,42.82
619,9644.736,1172.05,-706.6,306.3691611046181,1252.947849074334,306.84876257078395,1258.575730627712,163.16,36.38
620,9660.638,1137.72,-723.54,307.0439084680627,1251.869773458885,311.4674372862734,1255.776109765529,138.51,30.62
621,9675.979,1102.15,-734.73,307.55606331319035,1246.371376837578,304.04501397767734,1283.7556577418823,114.08,24.98
622,9691.679,1065.19,-746.03,308.11417127790133,1239.9743830418433,311.39696422094386,1243.2096485577956,89.6,19.32
623,9707.27,1028.61,-757.22,308.6806980761198,1233.6400532164962,316.2559874117079,1203.349724231136,65.58,13.78
624,9722.767,992.01,-768.66,309.2404570834931,1227.9308443475145,309.0870956520071,1240.6692476307521,40.98,8.1
625,9738.192,956.88,-780.07,309.75868225009776,1223.4747410551636,307.5919680462821,1213.1238381539158,16.34,2.41
626,9754.11,919.16,-791.24,310.3760732127205,1216.5912001161278,300.52128776214556,1206.7911763597722,-7.65,-3.13
627,9769.244,881.2,-792.31,310.6676402134716,1202.7250896609748,306.34316578690647,1194.6357008421717,-31.07,-8.53
628,9784.746,843.09,-791.88,310.84858046293573,1189.2140838806106,294.14080851988035,1147.3668411001995,-56.48,-14.06
629,9800.231,803.98,-791.2,311.0924818267779,1174.3918495970586,330.015075173657,1173.851090427422,-81.1,-19.3
630,9815.332,764.89,-790.52,311.3523476006367,1159.4584128807726,313.70526698747534,1160.404068822547,-105.47,-24.48
631,9831.035,728.1,-790.39,311.5633994846968,1146.4644697939837,306.07902228231217,1127.5394478935805,-129.71,-29.77
632,9846.479,691.29,-790.24,311.7855188460105,1133.0333294744687,313.2037790817865,1107.8535744283136,-153.55,-35.25
633,9862.121,653.91,-785.63,311.813973471195,1117.0602540597351,310.96241405166325,1096.2571116612496,-178.65,-40.87
634,9877.947,618.0,-774.16,312.2911230318549,1074.39774501811,316.76938413174196,1072.2806282012077,-176.77,-51.2
635,9893.655,581.28,-761.58,314.229457307085,1022.6890953266295,311.4963287027451,1021.4444018718027,-151.53,-48.22
636,9909.668,543.51,-748.58,316.4716380801127,973.5687530934833,306.989538553838,985.2802648645188,-127.0,-42.71
637,9925.363,506.51,-736.0,318.97513099842956,926.6795668946197,318.60022887177945,920.5529930614362,-101.75,-36.89
638,9940.741,471.44,-724.58,321.6198578313646,884.3632025361526,319.8559810477626,884.0172984652264,-77.64,-31.32
639,9955.923,434.09,-711.92,324.5999184708759,841.7829663874174,319.4626905369674,850.0760867980205,-53.54,-25.76
640,9971.734,402.83,-691.3,327.33736615026356,797.6595454829084,322.8833223838775,809.3384251885224,-27.66,-19.78
641,9987.233,371.97,-668.72,330.19605469751156,754.4156266939332,331.4236197864563,750.1956328488083,-3.0,-14.09
642,10002.231,339.17,-644.03,333.4089890350996,710.6716696900194,325.94500748527935,799.6361952637465,21.06,-8.53
643,10017.637,309.57,-621.73,336.8121411682348,672.995376655739,336.1199539809037,672.309196338341,44.58,-3.1
644,10033.118,278.19,-598.56,340.75264584702074,636.5292855792261,340.20198014272967,646.197565276495,68.36,2.39
645,10048.741,247.07,-575.8,345.2715053408076,603.8413619486496,346.3085705458973,616.3919847579165,93.55,8.2
646,10064.231,220.32,-551.12,349.7539722399782,574.1662102562289,345.4682423808013,580.8539007084654,118.19,13.89
647,10079.859,198.76,-521.03,354.16743061727914,543.5840785931832,326.45871956339846,530.3864093615058,143.52,19.74
648,10095.28,175.89,-488.38,359.018602811898,513.785367736373,358.69360292615204,539.6970287113301,167.09,25.33
649,10110.368,153.49,-456.4,3.692510123754701,492.2218300725802,6.1934086765284375,506.9508006172443,185.19,34.8
650,10125.669,130.82,-424.03,4.536379985809518,475.2688675897044,8.279314133363371,502.6641190269676,168.41,49.75
651,10141.461,110.63,-396.06,4.3845952457528625,457.8098523404668,5.8100249946635305,473.2181669415794,145.63,60.41
652,10156.849,87.37,-363.52,4.714686921743336,435.4333539130874,5.226918090874172,434.6764932233578,123.16,70.44
653,10172.433,73.87,-329.68,3.807395361054489,410.826733307364,1.0113986226708067,408.1248002491847,101.15,80.24
654,10188.264,62.29,-292.21,2.29407587218536,383.22714152314416,-10.409089940162044,381.310938720072,77.63,90.71
655,10203.865,50.39,-253.29,0.677613468181562,354.2947769866217,0.6657755737313751,353.8437601184568,54.58,100.98
656,10219.254,39.01,-216.06,358.7618668820372,327.1963925534632,364.16903258419757,324.18273484211744,31.94,111.06
657,10234.87,27.41,-179.93,356.6961989090122,301.2306466812433,327.9793292682494,309.1183501163722,10.05,120.8
658,10250.687,15.96,-144.22,353.8712089325378,277.1540961270463,355.220281070407,278.6832231258539,-13.63,131.35
659,10265.883,7.97,-105.68,349.87853926249653,250.94535580480468,321.49259754161653,285.2999993515255,-36.13,141.36
660,10281.517,7.76,-67.6,342.9863479339967,229.3578306925665,340.5421299977757,220.3955575519169,-59.35,151.72
661,10296.785,8.35,-29.83,333.28681483095403,198.92127211537732,334.50651511911144,250.4871541039289,-81.07,147.86
662,10312.392,9.03,9.36,318.44656364931484,165.72738246892092,320.2574371232282,162.98722894139215,-100.9,133.38
663,10327.802,9.57,46.19,299.14236479765,148.38351525691795,301.6712890768923,149.83287540121466,-120.03,118.45
664,10343.207,9.61,83.52,277.31680145924565,150.44505309248294,266.4980426437633,169.29734816547244,-139.61,102.68
665,10358.728,10.01,122.66,258.14022087905204,172.68624757055787,246.9852275926056,255.40218962457794,-158.99,87.17
666,10374.31,19.01,160.12,241.71755229871638,197.12191177035595,235.92181589586704,196.42871014273152,-154.58,66.72
667,10389.254,31.24,197.82,228.64134661710074,227.79471196671795,237.62765463404912,228.56267385202798,-139.74,47.3
668,10405.057,43.74,234.58,219.0566997261983,266.26391137365954,214.30739428614064,255.2789969547967,-124.03,27.82
669,10420.454,56.63,272.02,211.91775057962354,311.1775816153857,206.74774298634858,310.92351998921976,-107.89,7.89
670,10435.837,69.02,308.72,206.7430455278548,358.45237075516746,206.42846515580385,358.5502907577293,-92.28,-11.39
671,10451.644,80.45,343.79,202.74900386644026,406.13410851589407,205.96332991426232,396.32882319357554,-76.6,-30.75
672,10466.735,96.58,380.04,200.07764634707283,458.23791658918844,197.04364655760733,464.3127745387615,-60.73,-50.35
673,10482.131,118.68,410.86,198.70049394166102,508.32578185647833,187.35007289108137,512.6893659817341,-44.3,-70.63
674,10498.143,142.18,442.55,197.7164294074303,559.5679219719443,196.73599857944373,523.6263266262039,-28.1,-90.48
675,10513.446,165.2,473.11,196.94907850546085,608.9084099435645,175.97500473157137,602.8174499762132,-12.31,-109.35
676,10529.051,190.03,506.14,196.336902640005,661.571392746089,188.76512207220682,673.8068441309274,3.94,-128.72
677,10544.886,212.55,537.05,195.67861322923466,711.8458727140306,222.54150074803167,534.7940783575616,20.18,-148.31
678,10560.384,235.37,567.64,195.1695819085215,761.9704380748639,190.1889726988345,773.4180134075059,35.98,-167.78
679,10576.117,265.7,591.69,195.4008624778299,794.0637108570068,196.18928493230507,824.5979554017281,54.82,-173.86
680,10591.107,298.6,614.78,196.27425949240708,805.5368242358633,199.27320126982178,803.0690178956681,72.86,-158.48
681,10606.705,331.96,638.14,197.20838723704136,815.3176414747812,198.4553061711244,813.6078641297864,90.75,-140.68
682,10622.128,363.2,660.02,198.0404736712603,823.0844880083697,197.83182008487313,820.7050356937948,108.3,-122.6
683,10637.53,395.56,683.37,198.9069827975543,832.9405801136118,194.90946834364695,833.3394559396494,125.66,-104.63
684,10653.253,426.94,705.91,199.7330860216074,842.675504865307,203.13947114902317,838.7212439334967,142.42,-87.28
685,10668.865,460.1,722.86,200.7255075336736,846.446449221686,197.41418070593153,872.3487083687288,160.55,-68.81
686,10684.269,497.89,734.73,202.1430495091796,848.6409248910874,208.5242289559278,862.2667750803101,178.02,-51.32
687,10700.472,536.03,746.4,203.66875541885173,850.6448425753252,189.31203259812736,837.3780754690591,194.54,-32.69
688,10715.454,574.47,758.15,207.0073416456329,874.2257672935522,202.18751818414452,874.8208189714303,177.48,-20.74
689,10731.47,611.38,769.74,210.30194640108877,909.8675508006646,218.09745356076203,902.4317610918391,152.3,-15.82
690,10746.643,645.97,780.97,213.15481082001423,947.0781983025478,200.5605785579885,675.4862616096668,128.01,-11.92
691,10761.93,683.86,791.62,215.96064605362932,987.9784031040356,229.60675043159154,982.165927270772,103.69,-8.07
692,10777.697,721.62,792.41,218.90022546650766,1023.5265556398622,211.27078043726715,1052.4199593815492,78.88,-4.14
693,10793.377,761.13,791.77,221.7521329759482,1061.6158267471337,221.39577150782452,897.938499441561,54.19,-0.23
694,10808.383,798.21,791.13,224.26880799766255,1099.8880954442593,234.71875114432953,1110.3929504818148,30.46,3.53
695,10823.814,836.96,790.48,226.66340402022533,1141.2492161224034,222.75544533010554,1143.27088028191,6.89,7.26
696,10839.463,873.18,790.4,228.83597534057708,1183.7891164392415,221.20178877088654,1184.189776098789,-18.01,11.21
697,10855.194,910.42,790.19,230.89123301610798,1228.5458175013255,232.01939022005328,1224.408608191564,-42.87,15.23
698,10870.303,949.27,784.52,233.0895163281047,1273.3643194702763,243.7352529543714,1272.254051972896,-68.88,19.78
699,10885.827,986.51,772.59,235.2802253472719,1314.305330012779,235.80388348920152,1364.8240378316227,-93.78,24.01
700,10901.349,1021.08,760.83,236.80160158142004,1357.8007567018071,251.73447637475525,1358.0552553391447,-115.1,17.38
701,10916.767,1056.64,748.58,237.69075826299957,1403.9212150259716,211.3740895845692,1401.7961385686604,-129.92,-1.8
702,10932.088,1092.53,736.32,238.44470105674677,1451.0016671596213,227.2146775201668,1414.352558004618,-143.92,-23.02
703,10947.515,1128.16,724.7,239.88104928776016,1487.5740736178484,248.4968397597985,1489.8680251105266,-158.57,-21.76
704,10962.82,1164.91,712.29,241.84157991578658,1506.851694792822,258.1464765733696,1552.3276673282933,-163.6,1.19
705,10977.935,1196.46,691.92,243.93222810677437,1517.497605434684,248.62298113602424,1519.4302340448457,-166.67,25.08
706,10993.263,1227.18,669.32,246.083423749269,1528.0974844884734,228.0554783989812,1521.3457759231105,-169.71,49.82
707,11009.279,1255.33,648.12,248.14714725045013,1538.7501844029132,247.597290633676,1544.5290700783162,-172.85,75.36
708,11024.909,1286.58,624.57,250.34344577383962,1552.8510205747361,247.53064494899596,1543.2664577049834,-175.78,102.22
709,11040.805,1315.04,603.51,252.33649752380535,1567.5313310425408,252.12685155823044,1565.063662726522,-178.59,127.88
710,11056.21,1345.4,581.39,253.3893227631204,1573.8790443995372,272.2145707651242,1576.3518865520932,-162.8,131.47
711,11071.552,1373.81,557.5,253.79414880054566,1580.3551111063614,256.44900896269513,1590.3363514026503,-143.75,116.44
712,11087.454,1397.33,525.89,254.35591069428628,1580.8001948380447,254.4856294212516,1578.294019498128,-124.91,99.61
713,11102.809,1418.71,495.92,254.82514440985966,1579.619002069803,257.77615112008715,1594.245365940413,-105.83,82.43
714,11118.768,1440.45,464.88,255.36260959240985,1579.1005490784937,252.77205897535254,1578.9569830810744,-87.4,65.84
715,11133.988,1462.12,433.94,255.87670181499186,1578.7098620392537,256.0661134480962,1582.903760488958,-68.87,48.72
716,11149.286,1484.14,403.32,256.4080673747362,1579.4540325061696,262.28403299005225,1560.9793913720032,-51.08,32.14
717,11164.508,1505.22,374.07,256.85971121510545,1578.983550009309,264.10001849354666,1576.8278171341965,-32.42,15.11
718,11180.305,1522.53,341.85,257.54084018118897,1595.411892145724,259.0892642459704,1610.9845042150623,-35.31,-2.35
719,11195.387,1534.33,304.14,258.7271258952271,1622.196523883589,251.82800987654298,1615.604710398151,-56.57,-12.97
720,11210.781,1544.93,269.48,259.81915995626065,1649.7354629151912,260.5819843648043,1671.360927419664,-78.83,-22.12
721,11226.087,1556.18,232.69,260.9504207123302,1678.7561413439416,266.65256436904696,1673.5474734646373,-101.68,-31.36
722,11241.599,1567.38,196.07,262.02946011679484,1709.3128211067747,263.5323777740346,1696.9743550816656,-125.42,-40.95
723,11257.303,1578.32,161.87,262.9158426801427,1737.574510690117,268.3635959082807,1735.0899651531927,-145.99,-52.42
724,11272.615,1589.6,126.3,263.3945407449012,1757.6878666304776,251.94148038621572,1758.2551768663393,-156.42,-75.89
725,11288.357,1591.99,87.04,263.9661121149592,1765.7524495239982,265.58125078133264,1760.2229503072049,-163.98,-98.57
726,11303.744,1591.99,45.81,264.5452124454313,1771.8236664239475,261.1179664525923,1769.9178723530024,-171.81,-122.62
727,11319.136,1591.44,9.22,264.99095892689854,1777.6288841318935,266.7028296998956,1775.5346490502357,-179.4,-145.99
728,11334.519,1590.75,-30.63,265.5519031886571,1782.970307772959,267.64542933127456,1771.4862788854518,-186.85,-168.91
729,11349.916,1590.32,-68.76,266.0154075229582,1789.656005633485,264.0569135865622,1784.4542043516724,-195.01,-193.12
730,11365.715,1590.29,-105.66,266.76950117157025,1778.2558109001077,265.6718243006821,1778.7904283958208,-185.14,-205.87
731,11381.325,1586.29,-144.11,268.204787992865,1748.6382635639654,268.73046030124254,1757.6858357356566,-161.49,-198.89
732,11397.11,1574.3,-181.55,269.72933173246133,1712.5191088276943,266.55345630848086,1713.3884863713029,-138.2,-189.64
733,11412.82,1562.0,-217.39,271.27956696019976,1676.6080847055462,240.5086658868571,1686.906287745723,-114.19,-179.95
734,11428.295,1549.29,-254.29,272.91913965227076,1642.561386189265,298.60015739477376,1633.3826617111329,-91.14,-170.64
735,11444.017,1537.35,-289.43,274.56620368220445,1610.3311735168018,272.98934179633176,1584.5927674374668,-67.87,-161.23
736,11460.042,1525.63,-325.43,276.32075949300776,1579.189687054725,289.04607113943143,1624.7811619273336,-43.96,-151.57
737,11475.039,1513.74,-360.68,278.0864726201767,1550.7492603577148,277.5204974666055,1553.3791839875369,-21.59,-142.54
738,11490.66,1493.1,-393.56,279.8853463163406,1514.8201320618894,271.1714287200501,1539.1943386063665,0.77,-133.5
739,11506.049,1470.31,-424.97,281.7413371780423,1477.6377209925308,286.4288004180912,1484.4769967177715,23.59,-124.28
740,11521.869,1447.9,-455.81,283.67815372556606,1441.6768889733928,287.7319475033616,1452.5026025517966,47.11,-114.9
741,11537.573,1425.44,-486.08,285.7117025119319,1406.034427921308,291.9299213439557,1399.9455665895498,71.94,-105.33
742,11552.879,1403.16,-515.66,287.7715601796456,1373.5546358627312,289.2732767273233,1375.0800291400817,95.15,-96.42
743,11568.378,1379.84,-547.25,290.02740046756844,1342.7473422055245,291.8117076536559,1343.6107885569088,118.29,-87.4
744,11584.03,1355.45,-575.98,292.3104839218598,1311.8983561999,297.5005558902755,1312.5974811626147,141.76,-77.95
745,11599.514,1325.87,-597.63,294.46487539132454,1280.6200576673784,286.85742496160316,1289.1349455591328,160.23,-67.28
746,11615.468,1293.27,-620.47,296.39471751633175,1283.1777514046912,290.1887941886835,1279.0618720285688,143.86,-50.03
747,11631.058,1263.63,-641.23,297.89030468708904,1291.290057113428,278.07695269113395,1289.2209532229144,122.33,-37.19
748,11646.661,1231.16,-664.04,299.49165745931305,1299.683371941028,297.5999571326455,1359.7317993351962,99.88,-24.21
749,11662.235,1201.3,-685.68,300.96712750217,1311.7189356336974,307.80814985929067,1303.8048899713792,76.55,-10.74
750,11677.914,1169.59,-708.33,302.49634286953153,1322.6534926805282,298.4952849958706,1298.761309106152,54.03,2.26
751,11693.285,1134.8,-724.68,303.8496767247465,1327.1614244695331,300.43370287734876,1326.0424735733013,32.59,14.57
752,11708.548,1099.21,-735.68,305.00872635018857,1328.967089509744,305.3344892918998,1330.2803890881664,10.7,26.75
753,11723.81,1060.76,-747.43,306.26993665747085,1327.8447971054447,297.85846918445867,1317.5511557505552,-9.8,38.11
754,11739.82,1023.43,-758.85,307.47658966838964,1330.490588016315,306.92081619125173,1330.5729690731696,-32.45,50.67
755,11755.621,986.93,-770.28,308.6556518244372,1334.756238606885,310.4273367026718,1371.975486666399,-55.4,63.46
756,11771.604,951.67,-781.72,309.8046957762458,1340.9507295944918,305.7184960559527,1340.1631812909707,-78.49,76.72
757,11786.666,914.12,-791.47,310.96806635291944,1343.16438048364,289.66857559316645,1343.208189379967,-100.07,89.16
758,11802.141,876.31,-792.01,311.8376137557427,1338.5621094667217,313.3599210883892,1340.0888663851313,-120.97,100.84
759,11817.513,836.36,-791.89,313.65582202900646,1315.4533214827504,315.9840144528221,1271.098915705346,-115.37,116.2
760,11833.184,798.55,-791.25,315.7369152573999,1275.528141281093,321.2951751876297,1183.8778094914207,-91.71,122.21
761,11848.664,761.39,-790.61,317.9221481868565,1235.727321094747,313.5487226728843,1246.6962926714136,-66.72,126.59
762,11864.303,723.25,-790.32,320.2778824214619,1197.2651716725081,317.34244491495235,1198.2134756338344,-41.88,130.56
763,11879.4,686.09,-790.2,322.7229091546337,1161.985344356804,314.66718445769567,1158.551510906556,-17.69,134.41
764,11895.006,649.35,-784.09,325.1670525724805,1124.2403935546881,311.71435652892654,1121.021209734046,7.2,138.71
765,11910.503,610.8,-771.68,326.83752867873943,1071.6707436521722,326.02179846489724,1103.1239034869934,24.58,125.44
766,11926.093,571.19,-758.18,328.11355533937194,1014.6194368826176,323.7335239633316,1004.5442803079974,35.23,103.33
767,11942.22,534.52,-745.56,329.3679596617586,959.4666295916705,321.6491137429587,957.3889059850943,45.65,80.02
768,11957.698,499.51,-733.69,330.7028002724281,906.118760648956,327.33563275191483,907.8799764435846,56.11,56.53
769,11973.61,463.88,-722.09,332.2464039807085,852.7067365161366,314.8874604271807,853.9800019616274,66.8,32.52
770,11988.791,427.62,-708.2,333.96771170567865,799.3573043389296,334.02588827692233,795.8741323379745,76.8,10.06
771,12004.215,396.62,-686.42,335.3124408217119,740.6568598885721,346.5175635975601,736.7490029441683,87.27,-13.46
772,12019.828,364.51,-663.1,336.92241820494144,680.7794154496742,357.1705979878188,680.5128039618611,97.66,-36.8
773,12035.233,333.05,-639.61,338.77960468053436,621.7046753885642,340.89215687454123,622.5746438883178,108.02,-60.06
774,12051.141,301.4,-615.76,341.0194180507218,564.1854040118372,339.9656506931102,539.0279181959148,117.9,-82.25
775,12066.548,270.33,-592.73,343.7618753562361,506.52643761209544,327.92558724163763,517.4075481678157,128.69,-106.41
776,12082.053,239.84,-570.4,347.12436529704115,453.6977563312386,345.31483530471576,456.5788677997367,138.74,-128.11
777,12097.164,214.18,-542.86,350.967167373221,402.2282189255249,348.8968691887053,403.35517287633445,151.03,-145.62
778,12112.45,191.58,-510.8,355.2099187404234,386.9213886566624,351.9878161294055,365.8636596755672,159.27,-125.23
779,12128.15,170.04,-480.04,358.58526003288495,379.5156872910526,359.8934113669013,408.32733728968503,160.67,-100.64
780,12143.578,147.22,-447.44,2.211052433077839,372.46730460538413,4.237157113000016,366.0473645018936,161.59,-75.25
781,12158.969,124.41,-415.07,5.963697056940816,366.03098693963057,4.907269816107112,345.42701551294425,162.44,-51.02
782,12174.255,102.75,-385.21,9.556527613948674,364.95473719353197,10.15021213071394,337.074825896686,163.34,-25.32
783,12190.271,81.34,-354.95,13.157781604053483,364.00629403899046,38.59177354974071,349.75101821233875,164.2,-0.5
784,12205.563,79.82,-352.78,12.73087948995176,386.89136976676025,12.118968622536721,424.86310406965896,165.08,24.6
