,0,1,2,3,4,5,6,7,8,9,10,11,12,13,14,15,16,17,18,19,20
0,0.65713525,-1.2190707,0.54033434,-0.9727853,0.67494655,-0.6670895,0.5479017,-0.7125762,-0.634236,-0.44226858,0.5453706,-0.57893914,0.48847726,-0.32729527,0.48679,-0.5395479,0.45751527,-0.45464277,0.2909994,-0.50652385,Green
1,0.54033434,-0.9727853,0.67494655,-0.6670895,0.5479017,-0.7125762,-0.634236,-0.44226858,0.5453706,-0.57893914,0.48847726,-0.32729527,0.48679,-0.5395479,0.45751527,-0.45464277,0.4237534,-0.34294638,0.31318378,-0.455998,Green
2,0.67494655,-0.6670895,0.5479017,-0.7125762,-0.634236,-0.44226858,0.5453706,-0.57893914,0.48847726,-0.32729527,0.48679,-0.5395479,0.45751527,-0.45464277,0.4237534,-0.34294638,0.35804248,-0.39154312,0.3250852,-0.43612736,Green
3,0.5479017,-0.7125762,-0.634236,-0.44226858,0.5453706,-0.57893914,0.48847726,-0.32729527,0.48679,-0.5395479,0.45751527,-0.45464277,0.4237534,-0.34294638,0.35804248,-0.39154312,0.5163301,-0.4625115,0.3831704,-0.41152644,Green
4,-0.634236,-0.44226858,0.5453706,-0.57893914,0.48847726,-0.32729527,0.48679,-0.5395479,0.45751527,-0.45464277,0.4237534,-0.34294638,0.35804248,-0.39154312,0.5163301,-0.4625115,0.37389717,-0.43441993,0.37390402,-0.40554297,Green
5,0.5453706,-0.57893914,0.48847726,-0.32729527,0.48679,-0.5395479,0.45751527,-0.45464277,0.4237534,-0.34294638,0.35804248,-0.39154312,0.5163301,-0.4625115,0.37389717,-0.43441993,0.32838577,-0.4788864,0.3879219,-0.46621495,Green
6,0.48847726,-0.32729527,0.48679,-0.5395479,0.45751527,-0.45464277,0.4237534,-0.34294638,0.35804248,-0.39154312,0.5163301,-0.4625115,0.37389717,-0.43441993,0.32838577,-0.4788864,0.31854177,-0.48671794,0.33074456,-0.49220645,Green
7,0.48679,-0.5395479,0.45751527,-0.45464277,0.4237534,-0.34294638,0.35804248,-0.39154312,0.5163301,-0.4625115,0.37389717,-0.43441993,0.32838577,-0.4788864,0.31854177,-0.48671794,0.09669303,-0.40180308,0.31711033,-0.4871868,Green
8,0.45751527,-0.45464277,0.4237534,-0.34294638,0.35804248,-0.39154312,0.5163301,-0.4625115,0.37389717,-0.43441993,0.32838577,-0.4788864,0.31854177,-0.48671794,0.09669303,-0.40180308,0.28015214,-0.5197869,0.2972877,-0.46965218,Green
9,0.4237534,-0.34294638,0.35804248,-0.39154312,0.5163301,-0.4625115,0.37389717,-0.43441993,0.32838577,-0.4788864,0.31854177,-0.48671794,0.09669303,-0.40180308,0.28015214,-0.5197869,0.21777883,-0.5157919,0.25786102,-0.47990668,Green
10,0.35804248,-0.39154312,0.5163301,-0.4625115,0.37389717,-0.43441993,0.32838577,-0.4788864,0.31854177,-0.48671794,0.09669303,-0.40180308,0.28015214,-0.5197869,0.21777883,-0.5157919,-0.089108065,-0.356577,0.16149294,-0.49452174,Green
11,0.5163301,-0.4625115,0.37389717,-0.43441993,0.32838577,-0.4788864,0.31854177,-0.48671794,0.09669303,-0.40180308,0.28015214,-0.5197869,0.21777883,-0.5157919,-0.089108065,-0.356577,0.19776805,-0.7366397,0.1184474,-0.53490204,Green
12,0.37389717,-0.43441993,0.32838577,-0.4788864,0.31854177,-0.48671794,0.09669303,-0.40180308,0.28015214,-0.5197869,0.21777883,-0.5157919,-0.089108065,-0.356577,0.19776805,-0.7366397,0.13715504,-0.562208,0.13471723,-0.54489124,Green
13,0.32838577,-0.4788864,0.31854177,-0.48671794,0.09669303,-0.40180308,0.28015214,-0.5197869,0.21777883,-0.5157919,-0.089108065,-0.356577,0.19776805,-0.7366397,0.13715504,-0.562208,-0.37526542,-0.21622661,0.11246366,-0.5619309,Green
14,0.31854177,-0.48671794,0.09669303,-0.40180308,0.28015214,-0.5197869,0.21777883,-0.5157919,-0.089108065,-0.356577,0.19776805,-0.7366397,0.13715504,-0.562208,-0.37526542,-0.21622661,0.114039615,-0.61526024,0.051892318,-0.5164849,Green
15,0.09669303,-0.40180308,0.28015214,-0.5197869,0.21777883,-0.5157919,-0.089108065,-0.356577,0.19776805,-0.7366397,0.13715504,-0.562208,-0.37526542,-0.21622661,0.114039615,-0.61526024,0.06380631,-0.5992867,0.114673056,-0.57651216,Green
16,0.28015214,-0.5197869,0.21777883,-0.5157919,-0.089108065,-0.356577,0.19776805,-0.7366397,0.13715504,-0.562208,-0.37526542,-0.21622661,0.114039615,-0.61526024,0.06380631,-0.5992867,-0.21526182,-0.4160685,-0.038121734,-0.54461825,Green
17,0.21777883,-0.5157919,-0.089108065,-0.356577,0.19776805,-0.7366397,0.13715504,-0.562208,-0.37526542,-0.21622661,0.114039615,-0.61526024,0.06380631,-0.5992867,-0.21526182,-0.4160685,-0.011739228,-0.51219773,-0.014484715,-0.5423653,Green
18,-0.089108065,-0.356577,0.19776805,-0.7366397,0.13715504,-0.562208,-0.37526542,-0.21622661,0.114039615,-0.61526024,0.06380631,-0.5992867,-0.21526182,-0.4160685,-0.011739228,-0.51219773,-0.052473813,-0.6778268,-0.03441303,-0.5616909,Green
19,0.19776805,-0.7366397,0.13715504,-0.562208,-0.37526542,-0.21622661,0.114039615,-0.61526024,0.06380631,-0.5992867,-0.21526182,-0.4160685,-0.011739228,-0.51219773,-0.052473813,-0.6778268,-0.013071814,-0.7099263,-0.04609226,-0.6391636,Green
20,0.13715504,-0.562208,-0.37526542,-0.21622661,0.114039615,-0.61526024,0.06380631,-0.5992867,-0.21526182,-0.4160685,-0.011739228,-0.51219773,-0.052473813,-0.6778268,-0.013071814,-0.7099263,-0.15487204,-2.3810854,0.021614045,-0.66230404,Green
21,-0.37526542,-0.21622661,0.114039615,-0.61526024,0.06380631,-0.5992867,-0.21526182,-0.4160685,-0.011739228,-0.51219773,-0.052473813,-0.6778268,-0.013071814,-0.7099263,-0.15487204,-2.3810854,-0.13944627,-0.68405074,0.08883195,-0.59300053,Green
22,0.114039615,-0.61526024,0.06380631,-0.5992867,-0.21526182,-0.4160685,-0.011739228,-0.51219773,-0.052473813,-0.6778268,-0.013071814,-0.7099263,-0.15487204,-2.3810854,-0.13944627,-0.68405074,-0.1708502,-0.763432,0.038573787,-0.6773975,Green
23,0.06380631,-0.5992867,-0.21526182,-0.4160685,-0.011739228,-0.51219773,-0.052473813,-0.6778268,-0.013071814,-0.7099263,-0.15487204,-2.3810854,-0.13944627,-0.68405074,-0.1708502,-0.763432,-0.2412681,-0.8014401,-0.101523496,-0.6327255,Green
24,-0.21526182,-0.4160685,-0.011739228,-0.51219773,-0.052473813,-0.6778268,-0.013071814,-0.7099263,-0.15487204,-2.3810854,-0.13944627,-0.68405074,-0.1708502,-0.763432,-0.2412681,-0.8014401,-0.22848919,-0.94522685,-0.17736703,-0.7207854,Green
25,-0.011739228,-0.51219773,-0.052473813,-0.6778268,-0.013071814,-0.7099263,-0.15487204,-2.3810854,-0.13944627,-0.68405074,-0.1708502,-0.763432,-0.2412681,-0.8014401,-0.22848919,-0.94522685,-0.2688586,-0.87929606,-0.23503494,-0.7710813,Green
26,-0.052473813,-0.6778268,-0.013071814,-0.7099263,-0.15487204,-2.3810854,-0.13944627,-0.68405074,-0.1708502,-0.763432,-0.2412681,-0.8014401,-0.22848919,-0.94522685,-0.2688586,-0.87929606,-0.29409373,-0.8326207,-0.28850678,-0.7823105,Green
27,-0.013071814,-0.7099263,-0.15487204,-2.3810854,-0.13944627,-0.68405074,-0.1708502,-0.763432,-0.2412681,-0.8014401,-0.22848919,-0.94522685,-0.2688586,-0.87929606,-0.29409373,-0.8326207,-0.19193548,-1.6071545,-0.2192797,-0.8905469,Green
28,-0.15487204,-2.3810854,-0.13944627,-0.68405074,-0.1708502,-0.763432,-0.2412681,-0.8014401,-0.22848919,-0.94522685,-0.2688586,-0.87929606,-0.29409373,-0.8326207,-0.19193548,-1.6071545,-0.24476475,-1.0720147,-0.15487376,-0.8968882,Green
29,-0.13944627,-0.68405074,-0.1708502,-0.763432,-0.2412681,-0.8014401,-0.22848919,-0.94522685,-0.2688586,-0.87929606,-0.29409373,-0.8326207,-0.19193548,-1.6071545,-0.24476475,-1.0720147,-0.35361752,-0.77420205,-0.1489628,-0.87544274,Green
30,-0.1708502,-0.763432,-0.2412681,-0.8014401,-0.22848919,-0.94522685,-0.2688586,-0.87929606,-0.29409373,-0.8326207,-0.19193548,-1.6071545,-0.24476475,-1.0720147,-0.35361752,-0.77420205,-0.35327837,-0.8348463,-0.2315973,-0.83513063,Green
31,-0.2412681,-0.8014401,-0.22848919,-0.94522685,-0.2688586,-0.87929606,-0.29409373,-0.8326207,-0.19193548,-1.6071545,-0.24476475,-1.0720147,-0.35361752,-0.77420205,-0.35327837,-0.8348463,-0.4643427,-1.0175177,-0.30120137,-0.87260175,Green
32,-0.22848919,-0.94522685,-0.2688586,-0.87929606,-0.29409373,-0.8326207,-0.19193548,-1.6071545,-0.24476475,-1.0720147,-0.35361752,-0.77420205,-0.35327837,-0.8348463,-0.4643427,-1.0175177,-0.49772587,-0.9301078,-0.36696282,-0.90657496,Green
33,-0.2688586,-0.87929606,-0.29409373,-0.8326207,-0.19193548,-1.6071545,-0.24476475,-1.0720147,-0.35361752,-0.77420205,-0.35327837,-0.8348463,-0.4643427,-1.0175177,-0.49772587,-0.9301078,-0.4861539,-1.0120535,-0.41880068,-0.92665374,Green
34,-0.29409373,-0.8326207,-0.19193548,-1.6071545,-0.24476475,-1.0720147,-0.35361752,-0.77420205,-0.35327837,-0.8348463,-0.4643427,-1.0175177,-0.49772587,-0.9301078,-0.4861539,-1.0120535,-0.47015676,-0.9767724,-0.42644402,-0.9221543,Green
35,-0.19193548,-1.6071545,-0.24476475,-1.0720147,-0.35361752,-0.77420205,-0.35327837,-0.8348463,-0.4643427,-1.0175177,-0.49772587,-0.9301078,-0.4861539,-1.0120535,-0.47015676,-0.9767724,-0.553417,-0.9477993,-0.444003,-0.93299437,Green
36,-0.24476475,-1.0720147,-0.35361752,-0.77420205,-0.35327837,-0.8348463,-0.4643427,-1.0175177,-0.49772587,-0.9301078,-0.4861539,-1.0120535,-0.47015676,-0.9767724,-0.553417,-0.9477993,-0.5792668,-0.89524275,-0.502333,-0.8690598,Green
37,-0.35361752,-0.77420205,-0.35327837,-0.8348463,-0.4643427,-1.0175177,-0.49772587,-0.9301078,-0.4861539,-1.0120535,-0.47015676,-0.9767724,-0.553417,-0.9477993,-0.5792668,-0.89524275,-0.5165586,-1.1640854,-0.50173247,-0.9337828,Green
38,-0.35327837,-0.8348463,-0.4643427,-1.0175177,-0.49772587,-0.9301078,-0.4861539,-1.0120535,-0.47015676,-0.9767724,-0.553417,-0.9477993,-0.5792668,-0.89524275,-0.5165586,-1.1640854,-0.6005861,-1.1002471,-0.5437332,-0.9862627,Green
39,-0.4643427,-1.0175177,-0.49772587,-0.9301078,-0.4861539,-1.0120535,-0.47015676,-0.9767724,-0.553417,-0.9477993,-0.5792668,-0.89524275,-0.5165586,-1.1640854,-0.6005861,-1.1002471,-0.3271107,-2.1172416,-0.43800607,-1.1477737,Green
40,-0.49772587,-0.9301078,-0.4861539,-1.0120535,-0.47015676,-0.9767724,-0.553417,-0.9477993,-0.5792668,-0.89524275,-0.5165586,-1.1640854,-0.6005861,-1.1002471,-0.3271107,-2.1172416,-0.6589746,-1.2217344,-0.39497426,-1.2067028,Green
41,-0.4861539,-1.0120535,-0.47015676,-0.9767724,-0.553417,-0.9477993,-0.5792668,-0.89524275,-0.5165586,-1.1640854,-0.6005861,-1.1002471,-0.3271107,-2.1172416,-0.6589746,-1.2217344,-0.6122471,-1.5406507,-0.45344576,-1.2533205,Green
42,-0.47015676,-0.9767724,-0.553417,-0.9477993,-0.5792668,-0.89524275,-0.5165586,-1.1640854,-0.6005861,-1.1002471,-0.3271107,-2.1172416,-0.6589746,-1.2217344,-0.6122471,-1.5406507,-0.7359587,-1.1732216,-0.5705541,-1.2254518,Green
43,-0.553417,-0.9477993,-0.5792668,-0.89524275,-0.5165586,-1.1640854,-0.6005861,-1.1002471,-0.3271107,-2.1172416,-0.6589746,-1.2217344,-0.6122471,-1.5406507,-0.7359587,-1.1732216,-0.76540434,-1.1830777,-0.62816966,-1.1970764,Green
44,-0.5792668,-0.89524275,-0.5165586,-1.1640854,-0.6005861,-1.1002471,-0.3271107,-2.1172416,-0.6589746,-1.2217344,-0.6122471,-1.5406507,-0.7359587,-1.1732216,-0.76540434,-1.1830777,-0.7289607,-1.284892,-0.6550226,-1.2144434,Green
45,-0.5165586,-1.1640854,-0.6005861,-1.1002471,-0.3271107,-2.1172416,-0.6589746,-1.2217344,-0.6122471,-1.5406507,-0.7359587,-1.1732216,-0.76540434,-1.1830777,-0.7289607,-1.284892,-0.7645097,-0.99126387,-0.7104818,-1.1680795,Green
46,-0.6005861,-1.1002471,-0.3271107,-2.1172416,-0.6589746,-1.2217344,-0.6122471,-1.5406507,-0.7359587,-1.1732216,-0.76540434,-1.1830777,-0.7289607,-1.284892,-0.7645097,-0.99126387,-0.7976984,-1.0335422,-0.7336559,-1.1247929,Green
47,-0.3271107,-2.1172416,-0.6589746,-1.2217344,-0.6122471,-1.5406507,-0.7359587,-1.1732216,-0.76540434,-1.1830777,-0.7289607,-1.284892,-0.7645097,-0.99126387,-0.7976984,-1.0335422,-0.80040544,-1.0368875,-0.7822679,-1.0702784,Green
48,-0.6589746,-1.2217344,-0.6122471,-1.5406507,-0.7359587,-1.1732216,-0.76540434,-1.1830777,-0.7289607,-1.284892,-0.7645097,-0.99126387,-0.7976984,-1.0335422,-0.80040544,-1.0368875,-0.8644598,-0.7448347,-0.8313285,-0.98211634,Green
49,-0.6122471,-1.5406507,-0.7359587,-1.1732216,-0.76540434,-1.1830777,-0.7289607,-1.284892,-0.7645097,-0.99126387,-0.7976984,-1.0335422,-0.80040544,-1.0368875,-0.8644598,-0.7448347,-0.9948969,-0.6222091,-0.8764912,-0.8672433,Green
50,-0.7359587,-1.1732216,-0.76540434,-1.1830777,-0.7289607,-1.284892,-0.7645097,-0.99126387,-0.7976984,-1.0335422,-0.80040544,-1.0368875,-0.8644598,-0.7448347,-0.9948969,-0.6222091,-0.9150383,-0.48958093,-0.8772688,-0.721142,Green
51,-0.76540434,-1.1830777,-0.7289607,-1.284892,-0.7645097,-0.99126387,-0.7976984,-1.0335422,-0.80040544,-1.0368875,-0.8644598,-0.7448347,-0.9948969,-0.6222091,-0.9150383,-0.48958093,-0.9058346,-0.4129529,-0.9072798,-0.58156264,Green
52,-0.7289607,-1.284892,-0.7645097,-0.99126387,-0.7976984,-1.0335422,-0.80040544,-1.0368875,-0.8644598,-0.7448347,-0.9948969,-0.6222091,-0.9150383,-0.48958093,-0.9058346,-0.4129529,-0.37901938,-0.72780627,-0.84539735,-0.5042909,Green
53,-0.7645097,-0.99126387,-0.7976984,-1.0335422,-0.80040544,-1.0368875,-0.8644598,-0.7448347,-0.9948969,-0.6222091,-0.9150383,-0.48958093,-0.9058346,-0.4129529,-0.37901938,-0.72780627,-1.0720462,-0.2961056,-0.82025063,-0.5010658,Green
54,-0.7976984,-1.0335422,-0.80040544,-1.0368875,-0.8644598,-0.7448347,-0.9948969,-0.6222091,-0.9150383,-0.48958093,-0.9058346,-0.4129529,-0.37901938,-0.72780627,-1.0720462,-0.2961056,-1.0566438,-0.26480222,-0.8699186,-0.40409827,Green
55,-0.80040544,-1.0368875,-0.8644598,-0.7448347,-0.9948969,-0.6222091,-0.9150383,-0.48958093,-0.9058346,-0.4129529,-0.37901938,-0.72780627,-1.0720462,-0.2961056,-1.0566438,-0.26480222,-1.1199529,-0.21858296,-0.9286442,-0.31768858,Green
56,-0.8644598,-0.7448347,-0.9948969,-0.6222091,-0.9150383,-0.48958093,-0.9058346,-0.4129529,-0.37901938,-0.72780627,-1.0720462,-0.2961056,-1.0566438,-0.26480222,-1.1199529,-0.21858296,-1.2177707,-0.19043562,-0.9841347,-0.29689437,Green
57,-0.9948969,-0.6222091,-0.9150383,-0.48958093,-0.9058346,-0.4129529,-0.37901938,-0.72780627,-1.0720462,-0.2961056,-1.0566438,-0.26480222,-1.1199529,-0.21858296,-1.2177707,-0.19043562,-1.2234354,-0.16219638,-1.0198061,-0.28707957,Green
58,-0.9150383,-0.48958093,-0.9058346,-0.4129529,-0.37901938,-0.72780627,-1.0720462,-0.2961056,-1.0566438,-0.26480222,-1.1199529,-0.21858296,-1.2177707,-0.19043562,-1.2234354,-0.16219638,-0.43539125,-0.2680281,-1.0060879,-0.21972775,Green
59,-0.9058346,-0.4129529,-0.37901938,-0.72780627,-1.0720462,-0.2961056,-1.0566438,-0.26480222,-1.1199529,-0.21858296,-1.2177707,-0.19043562,-1.2234354,-0.16219638,-0.43539125,-0.2680281,-0.7286875,-0.16207603,-1.0319855,-0.1570009,Green
60,-0.37901938,-0.72780627,-1.0720462,-0.2961056,-1.0566438,-0.26480222,-1.1199529,-0.21858296,-1.2177707,-0.19043562,-1.2234354,-0.16219638,-0.43539125,-0.2680281,-0.7286875,-0.16207603,-1.5847527,-0.11357856,-0.9599851,-0.16576073,Green
61,-1.0720462,-0.2961056,-1.0566438,-0.26480222,-1.1199529,-0.21858296,-1.2177707,-0.19043562,-1.2234354,-0.16219638,-0.43539125,-0.2680281,-0.7286875,-0.16207603,-1.5847527,-0.11357856,-1.3333868,-0.08797456,-1.0323434,-0.12355736,Green
62,-1.0566438,-0.26480222,-1.1199529,-0.21858296,-1.2177707,-0.19043562,-1.2234354,-0.16219638,-0.43539125,-0.2680281,-0.7286875,-0.16207603,-1.5847527,-0.11357856,-1.3333868,-0.08797456,-1.8915598,-0.08901859,-1.1556976,-0.11847933,Green
63,-1.1199529,-0.21858296,-1.2177707,-0.19043562,-1.2234354,-0.16219638,-0.43539125,-0.2680281,-0.7286875,-0.16207603,-1.5847527,-0.11357856,-1.3333868,-0.08797456,-1.8915598,-0.08901859,-1.4664893,-0.06476509,-1.122891,-0.14020549,Green
64,-1.2177707,-0.19043562,-1.2234354,-0.16219638,-0.43539125,-0.2680281,-0.7286875,-0.16207603,-1.5847527,-0.11357856,-1.3333868,-0.08797456,-1.8915598,-0.08901859,-1.4664893,-0.06476509,-1.4742123,-0.04697826,-1.1581037,-0.113737315,Green
65,-1.2234354,-0.16219638,-0.43539125,-0.2680281,-0.7286875,-0.16207603,-1.5847527,-0.11357856,-1.3333868,-0.08797456,-1.8915598,-0.08901859,-1.4664893,-0.06476509,-1.4742123,-0.04697826,-1.4929531,-0.035746664,-1.2361364,-0.111803904,Green
66,-0.43539125,-0.2680281,-0.7286875,-0.16207603,-1.5847527,-0.11357856,-1.3333868,-0.08797456,-1.8915598,-0.08901859,-1.4664893,-0.06476509,-1.4742123,-0.04697826,-1.4929531,-0.035746664,-1.9542918,-0.021545663,-1.3125151,-0.09486957,Green
67,-0.7286875,-0.16207603,-1.5847527,-0.11357856,-1.3333868,-0.08797456,-1.8915598,-0.08901859,-1.4664893,-0.06476509,-1.4742123,-0.04697826,-1.4929531,-0.035746664,-1.9542918,-0.021545663,-1.7407233,-0.008332731,-1.3765386,-0.05916024,Green
68,-1.5847527,-0.11357856,-1.3333868,-0.08797456,-1.8915598,-0.08901859,-1.4664893,-0.06476509,-1.4742123,-0.04697826,-1.4929531,-0.035746664,-1.9542918,-0.021545663,-1.7407233,-0.008332731,-1.7237141,0.0062830406,-1.4043725,-0.030065311,Green
69,-1.3333868,-0.08797456,-1.8915598,-0.08901859,-1.4664893,-0.06476509,-1.4742123,-0.04697826,-1.4929531,-0.035746664,-1.9542918,-0.021545663,-1.7407233,-0.008332731,-1.7237141,0.0062830406,-1.7462249,0.013549808,-1.4295396,-0.023419263,Green
70,-1.8915598,-0.08901859,-1.4664893,-0.06476509,-1.4742123,-0.04697826,-1.4929531,-0.035746664,-1.9542918,-0.021545663,-1.7407233,-0.008332731,-1.7237141,0.0062830406,-1.7462249,0.013549808,-2.0530999,0.044262733,-1.4707625,-0.01916475,Green
71,-1.4664893,-0.06476509,-1.4742123,-0.04697826,-1.4929531,-0.035746664,-1.9542918,-0.021545663,-1.7407233,-0.008332731,-1.7237141,0.0062830406,-1.7462249,0.013549808,-2.0530999,0.044262733,-2.136287,0.05978752,-1.5390754,-0.017590621,Green
72,-1.4742123,-0.04697826,-1.4929531,-0.035746664,-1.9542918,-0.021545663,-1.7407233,-0.008332731,-1.7237141,0.0062830406,-1.7462249,0.013549808,-2.0530999,0.044262733,-2.136287,0.05978752,-2.0479205,0.090187,-1.5873271,0.019107133,Green
73,-1.4929531,-0.035746664,-1.9542918,-0.021545663,-1.7407233,-0.008332731,-1.7237141,0.0062830406,-1.7462249,0.013549808,-2.0530999,0.044262733,-2.136287,0.05978752,-2.0479205,0.090187,-2.1091878,0.09969305,-1.6378119,0.064158075,Green
74,-1.9542918,-0.021545663,-1.7407233,-0.008332731,-1.7237141,0.0062830406,-1.7462249,0.013549808,-2.0530999,0.044262733,-2.136287,0.05978752,-2.0479205,0.090187,-2.1091878,0.09969305,-1.7817737,0.13580339,-1.5686686,0.087201945,Green
75,-1.7407233,-0.008332731,-1.7237141,0.0062830406,-1.7462249,0.013549808,-2.0530999,0.044262733,-2.136287,0.05978752,-2.0479205,0.090187,-2.1091878,0.09969305,-1.7817737,0.13580339,-1.5136747,0.16552563,-1.4940753,0.11546779,Green
76,-1.7237141,0.0062830406,-1.7462249,0.013549808,-2.0530999,0.044262733,-2.136287,0.05978752,-2.0479205,0.090187,-2.1091878,0.09969305,-1.7817737,0.13580339,-1.5136747,0.16552563,-2.3874755,0.15319785,-1.5591455,0.16233477,Green
77,-1.7462249,0.013549808,-2.0530999,0.044262733,-2.136287,0.05978752,-2.0479205,0.090187,-2.1091878,0.09969305,-1.7817737,0.13580339,-1.5136747,0.16552563,-2.3874755,0.15319785,-1.8136016,0.17646429,-1.5511545,0.19432625,Green
78,-2.0530999,0.044262733,-2.136287,0.05978752,-2.0479205,0.090187,-2.1091878,0.09969305,-1.7817737,0.13580339,-1.5136747,0.16552563,-2.3874755,0.15319785,-1.8136016,0.17646429,-1.6258454,0.19188009,-1.5128442,0.20824288,Green
79,-2.136287,0.05978752,-2.0479205,0.090187,-2.1091878,0.09969305,-1.7817737,0.13580339,-1.5136747,0.16552563,-2.3874755,0.15319785,-1.8136016,0.17646429,-1.6258454,0.19188009,-1.4008836,0.24489175,-1.4519525,0.23889792,Green
80,-2.0479205,0.090187,-2.1091878,0.09969305,-1.7817737,0.13580339,-1.5136747,0.16552563,-2.3874755,0.15319785,-1.8136016,0.17646429,-1.6258454,0.19188009,-1.4008836,0.24489175,-2.4578388,0.1961553,-1.5620947,0.27109292,Green
81,-2.1091878,0.09969305,-1.7817737,0.13580339,-1.5136747,0.16552563,-2.3874755,0.15319785,-1.8136016,0.17646429,-1.6258454,0.19188009,-1.4008836,0.24489175,-2.4578388,0.1961553,-1.3880888,0.2556639,-1.4770226,0.27470914,Green
82,-1.7817737,0.13580339,-1.5136747,0.16552563,-2.3874755,0.15319785,-1.8136016,0.17646429,-1.6258454,0.19188009,-1.4008836,0.24489175,-2.4578388,0.1961553,-1.3880888,0.2556639,-1.637669,0.27020422,-1.439258,0.29659873,Green
83,-1.5136747,0.16552563,-2.3874755,0.15319785,-1.8136016,0.17646429,-1.6258454,0.19188009,-1.4008836,0.24489175,-2.4578388,0.1961553,-1.3880888,0.2556639,-1.637669,0.27020422,-5.1993375,0.31016684,-1.4390707,0.32016355,Green
84,-2.3874755,0.15319785,-1.8136016,0.17646429,-1.6258454,0.19188009,-1.4008836,0.24489175,-2.4578388,0.1961553,-1.3880888,0.2556639,-1.637669,0.27020422,-5.1993375,0.31016684,-1.3782629,0.2974321,-1.3417547,0.32000965,Green
85,-1.8136016,0.17646429,-1.6258454,0.19188009,-1.4008836,0.24489175,-2.4578388,0.1961553,-1.3880888,0.2556639,-1.637669,0.27020422,-5.1993375,0.31016684,-1.3782629,0.2974321,-1.0738786,0.32430434,-1.2917682,0.37509656,Green
86,-1.6258454,0.19188009,-1.4008836,0.24489175,-2.4578388,0.1961553,-1.3880888,0.2556639,-1.637669,0.27020422,-5.1993375,0.31016684,-1.3782629,0.2974321,-1.0738786,0.32430434,-1.305903,0.3202228,-1.1472354,0.37727302,Green
87,-1.4008836,0.24489175,-2.4578388,0.1961553,-1.3880888,0.2556639,-1.637669,0.27020422,-5.1993375,0.31016684,-1.3782629,0.2974321,-1.0738786,0.32430434,-1.305903,0.3202228,-1.280327,0.34185308,-1.1770427,0.2917558,Green
88,-2.4578388,0.1961553,-1.3880888,0.2556639,-1.637669,0.27020422,-5.1993375,0.31016684,-1.3782629,0.2974321,-1.0738786,0.32430434,-1.305903,0.3202228,-1.280327,0.34185308,-1.1343665,0.3994334,-0.97543395,0.36909568,Green
89,-1.3880888,0.2556639,-1.637669,0.27020422,-5.1993375,0.31016684,-1.3782629,0.2974321,-1.0738786,0.32430434,-1.305903,0.3202228,-1.280327,0.34185308,-1.1343665,0.3994334,-1.1705163,0.40329516,-1.0738219,0.40998793,Green
90,-1.637669,0.27020422,-5.1993375,0.31016684,-1.3782629,0.2974321,-1.0738786,0.32430434,-1.305903,0.3202228,-1.280327,0.34185308,-1.1343665,0.3994334,-1.1705163,0.40329516,-1.2314382,0.37499124,-0.9918108,0.39283693,Green
91,-5.1993375,0.31016684,-1.3782629,0.2974321,-1.0738786,0.32430434,-1.305903,0.3202228,-1.280327,0.34185308,-1.1343665,0.3994334,-1.1705163,0.40329516,-1.2314382,0.37499124,-1.1055189,0.43712437,-1.0300015,0.4272503,Green
92,-1.3782629,0.2974321,-1.0738786,0.32430434,-1.305903,0.3202228,-1.280327,0.34185308,-1.1343665,0.3994334,-1.1705163,0.40329516,-1.2314382,0.37499124,-1.1055189,0.43712437,-1.1726662,0.43918273,-1.1454424,0.4824835,Green
93,-1.0738786,0.32430434,-1.305903,0.3202228,-1.280327,0.34185308,-1.1343665,0.3994334,-1.1705163,0.40329516,-1.2314382,0.37499124,-1.1055189,0.43712437,-1.1726662,0.43918273,-1.1568048,0.46118224,-1.1178257,0.4839279,Green
94,-1.305903,0.3202228,-1.280327,0.34185308,-1.1343665,0.3994334,-1.1705163,0.40329516,-1.2314382,0.37499124,-1.1055189,0.43712437,-1.1726662,0.43918273,-1.1568048,0.46118224,-0.99006844,0.48707497,-1.0727742,0.497137,Green
95,-1.280327,0.34185308,-1.1343665,0.3994334,-1.1705163,0.40329516,-1.2314382,0.37499124,-1.1055189,0.43712437,-1.1726662,0.43918273,-1.1568048,0.46118224,-0.99006844,0.48707497,-1.0747225,0.48697436,-1.0492926,0.50521487,Green
96,-1.1343665,0.3994334,-1.1705163,0.40329516,-1.2314382,0.37499124,-1.1055189,0.43712437,-1.1726662,0.43918273,-1.1568048,0.46118224,-0.99006844,0.48707497,-1.0747225,0.48697436,-1.0104407,0.5018179,-1.0221916,0.5105065,Green
97,-1.1705163,0.40329516,-1.2314382,0.37499124,-1.1055189,0.43712437,-1.1726662,0.43918273,-1.1568048,0.46118224,-0.99006844,0.48707497,-1.0747225,0.48697436,-1.0104407,0.5018179,-0.95048046,0.5453749,-0.97174823,0.524874,Green
98,-1.2314382,0.37499124,-1.1055189,0.43712437,-1.1726662,0.43918273,-1.1568048,0.46118224,-0.99006844,0.48707497,-1.0747225,0.48697436,-1.0104407,0.5018179,-0.95048046,0.5453749,-0.80062926,0.57150066,-0.9016793,0.52828753,Green
99,-1.1055189,0.43712437,-1.1726662,0.43918273,-1.1568048,0.46118224,-0.99006844,0.48707497,-1.0747225,0.48697436,-1.0104407,0.5018179,-0.95048046,0.5453749,-0.80062926,0.57150066,-0.87588674,0.6031034,-0.87503654,0.51880985,Green
100,-1.1726662,0.43918273,-1.1568048,0.46118224,-0.99006844,0.48707497,-1.0747225,0.48697436,-1.0104407,0.5018179,-0.95048046,0.5453749,-0.80062926,0.57150066,-0.87588674,0.6031034,-0.9694062,0.60894907,-0.8705323,0.5375663,Green
101,-1.1568048,0.46118224,-0.99006844,0.48707497,-1.0747225,0.48697436,-1.0104407,0.5018179,-0.95048046,0.5453749,-0.80062926,0.57150066,-0.87588674,0.6031034,-0.9694062,0.60894907,-0.9493147,0.5820142,-0.88950264,0.5704234,Green
102,-0.99006844,0.48707497,-1.0747225,0.48697436,-1.0104407,0.5018179,-0.95048046,0.5453749,-0.80062926,0.57150066,-0.87588674,0.6031034,-0.9694062,0.60894907,-0.9493147,0.5820142,-0.83344203,0.63848126,-0.873229,0.5841441,Green
103,-1.0747225,0.48697436,-1.0104407,0.5018179,-0.95048046,0.5453749,-0.80062926,0.57150066,-0.87588674,0.6031034,-0.9694062,0.60894907,-0.9493147,0.5820142,-0.83344203,0.63848126,-0.8354937,0.66673994,-0.8624614,0.5808047,Green
104,-1.0104407,0.5018179,-0.95048046,0.5453749,-0.80062926,0.57150066,-0.87588674,0.6031034,-0.9694062,0.60894907,-0.9493147,0.5820142,-0.83344203,0.63848126,-0.8354937,0.66673994,-0.87357384,0.6950356,-0.8691436,0.5819348,Green
105,-0.95048046,0.5453749,-0.80062926,0.57150066,-0.87588674,0.6031034,-0.9694062,0.60894907,-0.9493147,0.5820142,-0.83344203,0.63848126,-0.8354937,0.66673994,-0.87357384,0.6950356,-0.848271,0.78671175,-0.84535724,0.644503,Green
106,-0.80062926,0.57150066,-0.87588674,0.6031034,-0.9694062,0.60894907,-0.9493147,0.5820142,-0.83344203,0.63848126,-0.8354937,0.66673994,-0.87357384,0.6950356,-0.848271,0.78671175,-0.92740625,0.6352455,-0.849496,0.6544391,Green
107,-0.87588674,0.6031034,-0.9694062,0.60894907,-0.9493147,0.5820142,-0.83344203,0.63848126,-0.8354937,0.66673994,-0.87357384,0.6950356,-0.848271,0.78671175,-0.92740625,0.6352455,-0.32268625,2.1661415,-0.9914907,0.61267644,Green
108,-0.9694062,0.60894907,-0.9493147,0.5820142,-0.83344203,0.63848126,-0.8354937,0.66673994,-0.87357384,0.6950356,-0.848271,0.78671175,-0.92740625,0.6352455,-0.32268625,2.1661415,-0.7386191,1.0106378,-1.0335006,0.7510021,Green
109,-0.9493147,0.5820142,-0.83344203,0.63848126,-0.8354937,0.66673994,-0.87357384,0.6950356,-0.848271,0.78671175,-0.92740625,0.6352455,-0.32268625,2.1661415,-0.7386191,1.0106378,-0.7138237,1.0500039,-0.91291535,0.9635029,Green
110,-0.83344203,0.63848126,-0.8354937,0.66673994,-0.87357384,0.6950356,-0.848271,0.78671175,-0.92740625,0.6352455,-0.32268625,2.1661415,-0.7386191,1.0106378,-0.7138237,1.0500039,-0.6592683,1.473908,-0.882777,1.0517472,Green
111,-0.8354937,0.66673994,-0.87357384,0.6950356,-0.848271,0.78671175,-0.92740625,0.6352455,-0.32268625,2.1661415,-0.7386191,1.0106378,-0.7138237,1.0500039,-0.6592683,1.473908,-0.6789458,1.3212016,-0.8116545,1.1848153,Green
112,-0.87357384,0.6950356,-0.848271,0.78671175,-0.92740625,0.6352455,-0.32268625,2.1661415,-0.7386191,1.0106378,-0.7138237,1.0500039,-0.6592683,1.473908,-0.6789458,1.3212016,-0.66775894,1.0001001,-0.73733777,1.125656,Green
113,-0.848271,0.78671175,-0.92740625,0.6352455,-0.32268625,2.1661415,-0.7386191,1.0106378,-0.7138237,1.0500039,-0.6592683,1.473908,-0.6789458,1.3212016,-0.66775894,1.0001001,-0.6730047,1.2635586,-0.68871105,1.1083771,Green
114,-0.92740625,0.6352455,-0.32268625,2.1661415,-0.7386191,1.0106378,-0.7138237,1.0500039,-0.6592683,1.473908,-0.6789458,1.3212016,-0.66775894,1.0001001,-0.6730047,1.2635586,-0.6032684,1.4417837,-0.6882899,1.1764519,Green
115,-0.32268625,2.1661415,-0.7386191,1.0106378,-0.7138237,1.0500039,-0.6592683,1.473908,-0.6789458,1.3212016,-0.66775894,1.0001001,-0.6730047,1.2635586,-0.6032684,1.4417837,-0.5162317,1.8175361,-0.6445861,1.2553602,Green
116,-0.7386191,1.0106378,-0.7138237,1.0500039,-0.6592683,1.473908,-0.6789458,1.3212016,-0.66775894,1.0001001,-0.6730047,1.2635586,-0.6032684,1.4417837,-0.5162317,1.8175361,-0.43136054,2.0656402,-0.65049505,1.4138843,Green
117,-0.7138237,1.0500039,-0.6592683,1.473908,-0.6789458,1.3212016,-0.66775894,1.0001001,-0.6730047,1.2635586,-0.6032684,1.4417837,-0.5162317,1.8175361,-0.43136054,2.0656402,-0.56318444,1.5572497,-0.6270331,1.4876491,Green
118,-0.6592683,1.473908,-0.6789458,1.3212016,-0.66775894,1.0001001,-0.6730047,1.2635586,-0.6032684,1.4417837,-0.5162317,1.8175361,-0.43136054,2.0656402,-0.56318444,1.5572497,-0.55845785,1.1602963,-0.60992205,1.4735032,Green
119,-0.6789458,1.3212016,-0.66775894,1.0001001,-0.6730047,1.2635586,-0.6032684,1.4417837,-0.5162317,1.8175361,-0.43136054,2.0656402,-0.56318444,1.5572497,-0.55845785,1.1602963,-0.37841913,1.8699207,-0.59468573,1.5018743,Green
120,-0.66775894,1.0001001,-0.6730047,1.2635586,-0.6032684,1.4417837,-0.5162317,1.8175361,-0.43136054,2.0656402,-0.56318444,1.5572497,-0.55845785,1.1602963,-0.37841913,1.8699207,0.59468395,2.433515,-0.54976356,1.5394505,Green
121,-0.6730047,1.2635586,-0.6032684,1.4417837,-0.5162317,1.8175361,-0.43136054,2.0656402,-0.56318444,1.5572497,-0.55845785,1.1602963,-0.37841913,1.8699207,0.59468395,2.433515,-0.45305255,1.8775183,-0.49897262,1.5888776,Green
122,-0.6032684,1.4417837,-0.5162317,1.8175361,-0.43136054,2.0656402,-0.56318444,1.5572497,-0.55845785,1.1602963,-0.37841913,1.8699207,0.59468395,2.433515,-0.45305255,1.8775183,-0.4293266,1.334742,-0.5107576,1.5949515,Green
123,-0.5162317,1.8175361,-0.43136054,2.0656402,-0.56318444,1.5572497,-0.55845785,1.1602963,-0.37841913,1.8699207,0.59468395,2.433515,-0.45305255,1.8775183,-0.4293266,1.334742,-0.16536039,1.9053227,-0.43315926,1.5753126,Green
124,-0.43136054,2.0656402,-0.56318444,1.5572497,-0.55845785,1.1602963,-0.37841913,1.8699207,0.59468395,2.433515,-0.45305255,1.8775183,-0.4293266,1.334742,-0.16536039,1.9053227,-0.62971556,0.8732648,-0.3680593,1.528195,Green
125,-0.56318444,1.5572497,-0.55845785,1.1602963,-0.37841913,1.8699207,0.59468395,2.433515,-0.45305255,1.8775183,-0.4293266,1.334742,-0.16536039,1.9053227,-0.62971556,0.8732648,-0.2809786,1.4000425,-0.3818137,1.5222876,Green
126,-0.55845785,1.1602963,-0.37841913,1.8699207,0.59468395,2.433515,-0.45305255,1.8775183,-0.4293266,1.334742,-0.16536039,1.9053227,-0.62971556,0.8732648,-0.2809786,1.4000425,-0.25291798,1.4617454,-0.30609393,1.4276239,Green
127,-0.37841913,1.8699207,0.59468395,2.433515,-0.45305255,1.8775183,-0.4293266,1.334742,-0.16536039,1.9053227,-0.62971556,0.8732648,-0.2809786,1.4000425,-0.25291798,1.4617454,-0.320676,0.8901538,-0.30884227,1.342968,Green
128,0.59468395,2.433515,-0.45305255,1.8775183,-0.4293266,1.334742,-0.16536039,1.9053227,-0.62971556,0.8732648,-0.2809786,1.4000425,-0.25291798,1.4617454,-0.320676,0.8901538,-0.40543023,0.72201335,-0.30526537,1.1332408,Green
129,-0.45305255,1.8775183,-0.4293266,1.334742,-0.16536039,1.9053227,-0.62971556,0.8732648,-0.2809786,1.4000425,-0.25291798,1.4617454,-0.320676,0.8901538,-0.40543023,0.72201335,-0.21962476,1.6462073,-0.39226726,1.1271926,Green
130,-0.4293266,1.334742,-0.16536039,1.9053227,-0.62971556,0.8732648,-0.2809786,1.4000425,-0.25291798,1.4617454,-0.320676,0.8901538,-0.40543023,0.72201335,-0.21962476,1.6462073,-0.13453874,2.0147338,-0.33487734,1.1533186,Green
131,-0.16536039,1.9053227,-0.62971556,0.8732648,-0.2809786,1.4000425,-0.25291798,1.4617454,-0.320676,0.8901538,-0.40543023,0.72201335,-0.21962476,1.6462073,-0.13453874,2.0147338,-0.05621824,1.737712,-0.28179556,1.2741383,Green
132,-0.62971556,0.8732648,-0.2809786,1.4000425,-0.25291798,1.4617454,-0.320676,0.8901538,-0.40543023,0.72201335,-0.21962476,1.6462073,-0.13453874,2.0147338,-0.05621824,1.737712,-0.1814781,1.1169779,-0.2450414,1.3196956,Green
133,-0.2809786,1.4000425,-0.25291798,1.4617454,-0.320676,0.8901538,-0.40543023,0.72201335,-0.21962476,1.6462073,-0.13453874,2.0147338,-0.05621824,1.737712,-0.1814781,1.1169779,-0.12072546,1.1832021,-0.2497116,1.3295976,Green
134,-0.25291798,1.4617454,-0.320676,0.8901538,-0.40543023,0.72201335,-0.21962476,1.6462073,-0.13453874,2.0147338,-0.05621824,1.737712,-0.1814781,1.1169779,-0.12072546,1.1832021,-0.10245824,1.3838513,-0.2316165,1.3206446,Green
135,-0.320676,0.8901538,-0.40543023,0.72201335,-0.21962476,1.6462073,-0.13453874,2.0147338,-0.05621824,1.737712,-0.1814781,1.1169779,-0.12072546,1.1832021,-0.10245824,1.3838513,-0.088925146,1.0738975,-0.24973759,1.3408903,Green
136,-0.40543023,0.72201335,-0.21962476,1.6462073,-0.13453874,2.0147338,-0.05621824,1.737712,-0.1814781,1.1169779,-0.12072546,1.1832021,-0.10245824,1.3838513,-0.088925146,1.0738975,-0.15255602,0.9453506,-0.25608844,1.2456399,Green
137,-0.21962476,1.6462073,-0.13453874,2.0147338,-0.05621824,1.737712,-0.1814781,1.1169779,-0.12072546,1.1832021,-0.10245824,1.3838513,-0.088925146,1.0738975,-0.15255602,0.9453506,-0.036295865,1.3625574,-0.24243301,1.2074025,Green
138,-0.13453874,2.0147338,-0.05621824,1.737712,-0.1814781,1.1169779,-0.12072546,1.1832021,-0.10245824,1.3838513,-0.088925146,1.0738975,-0.15255602,0.9453506,-0.036295865,1.3625574,-0.02561514,1.5460303,-0.17703485,1.1931244,Green
139,-0.05621824,1.737712,-0.1814781,1.1169779,-0.12072546,1.1832021,-0.10245824,1.3838513,-0.088925146,1.0738975,-0.15255602,0.9453506,-0.036295865,1.3625574,-0.02561514,1.5460303,0.012778953,0.96366763,-0.15240927,1.1773485,Green
140,-0.1814781,1.1169779,-0.12072546,1.1832021,-0.10245824,1.3838513,-0.088925146,1.0738975,-0.15255602,0.9453506,-0.036295865,1.3625574,-0.02561514,1.5460303,0.012778953,0.96366763,0.012555123,1.6384281,-0.115199156,1.2255453,Green
141,-0.12072546,1.1832021,-0.10245824,1.3838513,-0.088925146,1.0738975,-0.15255602,0.9453506,-0.036295865,1.3625574,-0.02561514,1.5460303,0.012778953,0.96366763,0.012555123,1.6384281,0.04134065,1.5762625,-0.107395634,1.285051,Green
142,-0.10245824,1.3838513,-0.088925146,1.0738975,-0.15255602,0.9453506,-0.036295865,1.3625574,-0.02561514,1.5460303,0.012778953,0.96366763,0.012555123,1.6384281,0.04134065,1.5762625,0.090300865,0.8291391,-0.106653176,1.3019732,Green
143,-0.088925146,1.0738975,-0.15255602,0.9453506,-0.036295865,1.3625574,-0.02561514,1.5460303,0.012778953,0.96366763,0.012555123,1.6384281,0.04134065,1.5762625,0.090300865,0.8291391,0.08210298,0.99192256,-0.12546498,1.2423216,Green
144,-0.15255602,0.9453506,-0.036295865,1.3625574,-0.02561514,1.5460303,0.012778953,0.96366763,0.012555123,1.6384281,0.04134065,1.5762625,0.090300865,0.8291391,0.08210298,0.99192256,0.07149848,1.2263389,-0.1044162,1.2044927,Green
145,-0.036295865,1.3625574,-0.02561514,1.5460303,0.012778953,0.96366763,0.012555123,1.6384281,0.04134065,1.5762625,0.090300865,0.8291391,0.08210298,0.99192256,0.07149848,1.2263389,0.15095471,1.2498806,-0.047308527,1.2149494,Green
146,-0.02561514,1.5460303,0.012778953,0.96366763,0.012555123,1.6384281,0.04134065,1.5762625,0.090300865,0.8291391,0.08210298,0.99192256,0.07149848,1.2263389,0.15095471,1.2498806,0.15228878,1.1737603,-0.016389009,1.2254559,Green
147,0.012778953,0.96366763,0.012555123,1.6384281,0.04134065,1.5762625,0.090300865,0.8291391,0.08210298,0.99192256,0.07149848,1.2263389,0.15095471,1.2498806,0.15228878,1.1737603,0.18839945,1.1469532,0.0055087544,1.1896183,Green
148,0.012555123,1.6384281,0.04134065,1.5762625,0.090300865,0.8291391,0.08210298,0.99192256,0.07149848,1.2263389,0.15095471,1.2498806,0.15228878,1.1737603,0.18839945,1.1469532,0.16540447,1.4734516,0.055082597,1.2126747,Green
149,0.04134065,1.5762625,0.090300865,0.8291391,0.08210298,0.99192256,0.07149848,1.2263389,0.15095471,1.2498806,0.15228878,1.1737603,0.18839945,1.1469532,0.16540447,1.4734516,0.6565209,2.0618415,0.07088948,1.3015231,Green
150,0.090300865,0.8291391,0.08210298,0.99192256,0.07149848,1.2263389,0.15095471,1.2498806,0.15228878,1.1737603,0.18839945,1.1469532,0.16540447,1.4734516,0.6565209,2.0618415,5.1993375,2.503957,0.17312965,1.4996773,Green
151,0.08210298,0.99192256,0.07149848,1.2263389,0.15095471,1.2498806,0.15228878,1.1737603,0.18839945,1.1469532,0.16540447,1.4734516,0.6565209,2.0618415,5.1993375,2.503957,0.21657678,1.0834835,0.11902595,1.3786637,Green
152,0.07149848,1.2263389,0.15095471,1.2498806,0.15228878,1.1737603,0.18839945,1.1469532,0.16540447,1.4734516,0.6565209,2.0618415,5.1993375,2.503957,0.21657678,1.0834835,0.2580518,0.8518618,-0.12976682,1.5403167,Yellow
153,0.15095471,1.2498806,0.15228878,1.1737603,0.18839945,1.1469532,0.16540447,1.4734516,0.6565209,2.0618415,5.1993375,2.503957,0.21657678,1.0834835,0.2580518,0.8518618,0.4017141,1.3100727,0.028997108,1.289445,Green
154,0.15228878,1.1737603,0.18839945,1.1469532,0.16540447,1.4734516,0.6565209,2.0618415,5.1993375,2.503957,0.21657678,1.0834835,0.2580518,0.8518618,0.4017141,1.3100727,0.030102223,0.67186576,-0.052129872,1.2634982,Green
155,0.18839945,1.1469532,0.16540447,1.4734516,0.6565209,2.0618415,5.1993375,2.503957,0.21657678,1.0834835,0.2580518,0.8518618,0.4017141,1.3100727,0.030102223,0.67186576,0.331403,1.06851,0.14477086,1.0843416,Green
156,0.16540447,1.4734516,0.6565209,2.0618415,5.1993375,2.503957,0.21657678,1.0834835,0.2580518,0.8518618,0.4017141,1.3100727,0.030102223,0.67186576,0.331403,1.06851,0.26893342,0.80090517,0.09755311,1.0878116,Green
157,0.6565209,2.0618415,5.1993375,2.503957,0.21657678,1.0834835,0.2580518,0.8518618,0.4017141,1.3100727,0.030102223,0.67186576,0.331403,1.06851,0.26893342,0.80090517,0.60118437,1.7463214,0.15213916,0.83453804,Green
158,5.1993375,2.503957,0.21657678,1.0834835,0.2580518,0.8518618,0.4017141,1.3100727,0.030102223,0.67186576,0.331403,1.06851,0.26893342,0.80090517,0.60118437,1.7463214,0.43433416,1.1983933,0.24053183,1.0008765,Green
159,0.21657678,1.0834835,0.2580518,0.8518618,0.4017141,1.3100727,0.030102223,0.67186576,0.331403,1.06851,0.26893342,0.80090517,0.60118437,1.7463214,0.43433416,1.1983933,0.24288145,0.7299038,0.14195025,1.049673,Green
160,0.2580518,0.8518618,0.4017141,1.3100727,0.030102223,0.67186576,0.331403,1.06851,0.26893342,0.80090517,0.60118437,1.7463214,0.43433416,1.1983933,0.24288145,0.7299038,0.43930236,0.98376864,0.16126013,0.9776921,Green
161,0.4017141,1.3100727,0.030102223,0.67186576,0.331403,1.06851,0.26893342,0.80090517,0.60118437,1.7463214,0.43433416,1.1983933,0.24288145,0.7299038,0.43930236,0.98376864,0.46030104,0.7638774,0.22091681,0.9901512,Green
162,0.030102223,0.67186576,0.331403,1.06851,0.26893342,0.80090517,0.60118437,1.7463214,0.43433416,1.1983933,0.24288145,0.7299038,0.43930236,0.98376864,0.46030104,0.7638774,0.47471738,1.0753247,0.25286898,1.0075258,Green
163,0.331403,1.06851,0.26893342,0.80090517,0.60118437,1.7463214,0.43433416,1.1983933,0.24288145,0.7299038,0.43930236,0.98376864,0.46030104,0.7638774,0.47471738,1.0753247,0.5487678,0.9068198,0.3737482,1.0043705,Green
164,0.26893342,0.80090517,0.60118437,1.7463214,0.43433416,1.1983933,0.24288145,0.7299038,0.43930236,0.98376864,0.46030104,0.7638774,0.47471738,1.0753247,0.5487678,0.9068198,0.27102312,0.7782397,0.35710302,0.9954385,Green
165,0.60118437,1.7463214,0.43433416,1.1983933,0.24288145,0.7299038,0.43930236,0.98376864,0.46030104,0.7638774,0.47471738,1.0753247,0.5487678,0.9068198,0.27102312,0.7782397,0.6172282,0.94745463,0.28586587,0.98683876,Green
166,0.43433416,1.1983933,0.24288145,0.7299038,0.43930236,0.98376864,0.46030104,0.7638774,0.47471738,1.0753247,0.5487678,0.9068198,0.27102312,0.7782397,0.6172282,0.94745463,0.5875041,0.8294872,0.40780407,0.9326848,Green
167,0.24288145,0.7299038,0.43930236,0.98376864,0.46030104,0.7638774,0.47471738,1.0753247,0.5487678,0.9068198,0.27102312,0.7782397,0.6172282,0.94745463,0.5875041,0.8294872,0.6684352,0.9262869,0.5267397,0.90303427,Green
168,0.43930236,0.98376864,0.46030104,0.7638774,0.47471738,1.0753247,0.5487678,0.9068198,0.27102312,0.7782397,0.6172282,0.94745463,0.5875041,0.8294872,0.6684352,0.9262869,0.7081131,0.86906797,0.57067376,0.913167,Green
169,0.46030104,0.7638774,0.47471738,1.0753247,0.5487678,0.9068198,0.27102312,0.7782397,0.6172282,0.94745463,0.5875041,0.8294872,0.6684352,0.9262869,0.7081131,0.86906797,0.7438094,0.83679795,0.64931446,0.8905111,Green
170,0.47471738,1.0753247,0.5487678,0.9068198,0.27102312,0.7782397,0.6172282,0.94745463,0.5875041,0.8294872,0.6684352,0.9262869,0.7081131,0.86906797,0.7438094,0.83679795,0.76364213,0.74373573,0.6598457,0.89005953,Green
171,0.5487678,0.9068198,0.27102312,0.7782397,0.6172282,0.94745463,0.5875041,0.8294872,0.6684352,0.9262869,0.7081131,0.86906797,0.7438094,0.83679795,0.76364213,0.74373573,0.73120576,0.73792255,0.69971496,0.8269897,Green
172,0.27102312,0.7782397,0.6172282,0.94745463,0.5875041,0.8294872,0.6684352,0.9262869,0.7081131,0.86906797,0.7438094,0.83679795,0.76364213,0.74373573,0.73120576,0.73792255,0.8827567,0.69968843,0.739771,0.81901526,Green
173,0.6172282,0.94745463,0.5875041,0.8294872,0.6684352,0.9262869,0.7081131,0.86906797,0.7438094,0.83679795,0.76364213,0.74373573,0.73120576,0.73792255,0.8827567,0.69968843,0.8939454,0.6629062,0.7881706,0.7704476,Green
174,0.5875041,0.8294872,0.6684352,0.9262869,0.7081131,0.86906797,0.7438094,0.83679795,0.76364213,0.74373573,0.73120576,0.73792255,0.8827567,0.69968843,0.8939454,0.6629062,0.77783626,0.6077611,0.77215445,0.72852015,Green
175,0.6684352,0.9262869,0.7081131,0.86906797,0.7438094,0.83679795,0.76364213,0.74373573,0.73120576,0.73792255,0.8827567,0.69968843,0.8939454,0.6629062,0.77783626,0.6077611,0.9364703,0.5900903,0.80371654,0.67986387,Green
176,0.7081131,0.86906797,0.7438094,0.83679795,0.76364213,0.74373573,0.73120576,0.73792255,0.8827567,0.69968843,0.8939454,0.6629062,0.77783626,0.6077611,0.9364703,0.5900903,0.94888794,0.55494726,0.8543923,0.63442147,Green
177,0.7438094,0.83679795,0.76364213,0.74373573,0.73120576,0.73792255,0.8827567,0.69968843,0.8939454,0.6629062,0.77783626,0.6077611,0.9364703,0.5900903,0.94888794,0.55494726,0.9887582,0.5419446,0.88989127,0.60255,Green
178,0.76364213,0.74373573,0.73120576,0.73792255,0.8827567,0.69968843,0.8939454,0.6629062,0.77783626,0.6077611,0.9364703,0.5900903,0.94888794,0.55494726,0.9887582,0.5419446,1.0320693,0.5165029,0.93611854,0.5997784,Green
179,0.73120576,0.73792255,0.8827567,0.69968843,0.8939454,0.6629062,0.77783626,0.6077611,0.9364703,0.5900903,0.94888794,0.55494726,0.9887582,0.5419446,1.0320693,0.5165029,1.0292108,0.42023548,0.94269454,0.56173205,Green
180,0.8827567,0.69968843,0.8939454,0.6629062,0.77783626,0.6077611,0.9364703,0.5900903,0.94888794,0.55494726,0.9887582,0.5419446,1.0320693,0.5165029,1.0292108,0.42023548,1.5606567,0.5347613,1.0364745,0.535782,Green
181,0.8939454,0.6629062,0.77783626,0.6077611,0.9364703,0.5900903,0.94888794,0.55494726,0.9887582,0.5419446,1.0320693,0.5165029,1.0292108,0.42023548,1.5606567,0.5347613,0.91629153,0.46594346,0.9908774,0.52511245,Green
182,0.77783626,0.6077611,0.9364703,0.5900903,0.94888794,0.55494726,0.9887582,0.5419446,1.0320693,0.5165029,1.0292108,0.42023548,1.5606567,0.5347613,0.91629153,0.46594346,1.1025606,0.45406845,0.9830326,0.47014725,Green
183,0.9364703,0.5900903,0.94888794,0.55494726,0.9887582,0.5419446,1.0320693,0.5165029,1.0292108,0.42023548,1.5606567,0.5347613,0.91629153,0.46594346,1.1025606,0.45406845,1.107639,0.41165647,1.0275021,0.47446418,Green
184,0.94888794,0.55494726,0.9887582,0.5419446,1.0320693,0.5165029,1.0292108,0.42023548,1.5606567,0.5347613,0.91629153,0.46594346,1.1025606,0.45406845,1.107639,0.41165647,1.1375446,0.39937225,1.0615106,0.4645667,Green
185,0.9887582,0.5419446,1.0320693,0.5165029,1.0292108,0.42023548,1.5606567,0.5347613,0.91629153,0.46594346,1.1025606,0.45406845,1.107639,0.41165647,1.1375446,0.39937225,1.2211381,0.36829963,1.0911012,0.42445976,Green
186,1.0320693,0.5165029,1.0292108,0.42023548,1.5606567,0.5347613,0.91629153,0.46594346,1.1025606,0.45406845,1.107639,0.41165647,1.1375446,0.39937225,1.2211381,0.36829963,1.1968144,0.355545,1.1037763,0.37088192,Green
187,1.0292108,0.42023548,1.5606567,0.5347613,0.91629153,0.46594346,1.1025606,0.45406845,1.107639,0.41165647,1.1375446,0.39937225,1.2211381,0.36829963,1.1968144,0.355545,1.3088554,0.33183897,1.1408635,0.3570105,Green
188,1.5606567,0.5347613,0.91629153,0.46594346,1.1025606,0.45406845,1.107639,0.41165647,1.1375446,0.39937225,1.2211381,0.36829963,1.1968144,0.355545,1.3088554,0.33183897,0.8224617,0.2423609,1.013169,0.36690307,Green
189,0.91629153,0.46594346,1.1025606,0.45406845,1.107639,0.41165647,1.1375446,0.39937225,1.2211381,0.36829963,1.1968144,0.355545,1.3088554,0.33183897,0.8224617,0.2423609,1.318686,0.26901817,1.0235584,0.31542185,Green
190,1.1025606,0.45406845,1.107639,0.41165647,1.1375446,0.39937225,1.2211381,0.36829963,1.1968144,0.355545,1.3088554,0.33183897,0.8224617,0.2423609,1.318686,0.26901817,1.2664286,0.27086797,1.1066675,0.31329188,Green
191,1.107639,0.41165647,1.1375446,0.39937225,1.2211381,0.36829963,1.1968144,0.355545,1.3088554,0.33183897,0.8224617,0.2423609,1.318686,0.26901817,1.2664286,0.27086797,1.4422934,0.232836,1.161146,0.3062092,Green
192,1.1375446,0.39937225,1.2211381,0.36829963,1.1968144,0.355545,1.3088554,0.33183897,0.8224617,0.2423609,1.318686,0.26901817,1.2664286,0.27086797,1.4422934,0.232836,1.3189402,0.2274224,1.1913285,0.2672667,Green
193,1.2211381,0.36829963,1.1968144,0.355545,1.3088554,0.33183897,0.8224617,0.2423609,1.318686,0.26901817,1.2664286,0.27086797,1.4422934,0.232836,1.3189402,0.2274224,1.4772042,0.20479345,1.2218792,0.23652948,Green
194,1.1968144,0.355545,1.3088554,0.33183897,0.8224617,0.2423609,1.318686,0.26901817,1.2664286,0.27086797,1.4422934,0.232836,1.3189402,0.2274224,1.4772042,0.20479345,1.6392378,0.18610625,1.2892115,0.25242758,Green
195,1.3088554,0.33183897,0.8224617,0.2423609,1.318686,0.26901817,1.2664286,0.27086797,1.4422934,0.232836,1.3189402,0.2274224,1.4772042,0.20479345,1.6392378,0.18610625,0.8120022,0.1498323,1.1332618,0.2584217,Green
196,0.8224617,0.2423609,1.318686,0.26901817,1.2664286,0.27086797,1.4422934,0.232836,1.3189402,0.2274224,1.4772042,0.20479345,1.6392378,0.18610625,0.8120022,0.1498323,1.7081542,0.1370638,1.1570725,0.19581385,Green
197,1.318686,0.26901817,1.2664286,0.27086797,1.4422934,0.232836,1.3189402,0.2274224,1.4772042,0.20479345,1.6392378,0.18610625,0.8120022,0.1498323,1.7081542,0.1370638,1.6540148,0.073354945,1.2718867,0.23157777,Green
198,1.2664286,0.27086797,1.4422934,0.232836,1.3189402,0.2274224,1.4772042,0.20479345,1.6392378,0.18610625,0.8120022,0.1498323,1.7081542,0.1370638,1.6540148,0.073354945,2.01505,0.13070132,1.3316052,0.23620722,Green
199,1.4422934,0.232836,1.3189402,0.2274224,1.4772042,0.20479345,1.6392378,0.18610625,0.8120022,0.1498323,1.7081542,0.1370638,1.6540148,0.073354945,2.01505,0.13070132,1.578529,0.08483841,1.3666768,0.21317083,Green
200,1.3189402,0.2274224,1.4772042,0.20479345,1.6392378,0.18610625,0.8120022,0.1498323,1.7081542,0.1370638,1.6540148,0.073354945,2.01505,0.13070132,1.578529,0.08483841,2.0869198,0.06397548,1.4127063,0.14769214,Green
201,1.4772042,0.20479345,1.6392378,0.18610625,0.8120022,0.1498323,1.7081542,0.1370638,1.6540148,0.073354945,2.01505,0.13070132,1.578529,0.08483841,2.0869198,0.06397548,2.0564935,0.089568205,1.493382,0.22311519,Green
202,1.6392378,0.18610625,0.8120022,0.1498323,1.7081542,0.1370638,1.6540148,0.073354945,2.01505,0.13070132,1.578529,0.08483841,2.0869198,0.06397548,2.0564935,0.089568205,2.4731464,0.036459573,1.5111716,0.26023942,Green
203,0.8120022,0.1498323,1.7081542,0.1370638,1.6540148,0.073354945,2.01505,0.13070132,1.578529,0.08483841,2.0869198,0.06397548,2.0564935,0.089568205,2.4731464,0.036459573,2.390183,0.0122444825,1.5842124,0.268237,Green
204,1.7081542,0.1370638,1.6540148,0.073354945,2.01505,0.13070132,1.578529,0.08483841,2.0869198,0.06397548,2.0564935,0.089568205,2.4731464,0.036459573,2.390183,0.0122444825,1.9453338,-0.02387529,1.5293953,0.26441363,Green
205,1.6540148,0.073354945,2.01505,0.13070132,1.578529,0.08483841,2.0869198,0.06397548,2.0564935,0.089568205,2.4731464,0.036459573,2.390183,0.0122444825,1.9453338,-0.02387529,1.7485284,-0.04965038,1.5157454,0.18377613,Green
206,2.01505,0.13070132,1.578529,0.08483841,2.0869198,0.06397548,2.0564935,0.089568205,2.4731464,0.036459573,2.390183,0.0122444825,1.9453338,-0.02387529,1.7485284,-0.04965038,1.8620514,-0.07649561,1.5432217,0.1036035,Green
207,1.578529,0.08483841,2.0869198,0.06397548,2.0564935,0.089568205,2.4731464,0.036459573,2.390183,0.0122444825,1.9453338,-0.02387529,1.7485284,-0.04965038,1.8620514,-0.07649561,-1.2712293,0.022969862,1.4412057,-0.12817651,Green
208,2.0869198,0.06397548,2.0564935,0.089568205,2.4731464,0.036459573,2.390183,0.0122444825,1.9453338,-0.02387529,1.7485284,-0.04965038,1.8620514,-0.07649561,-1.2712293,0.022969862,2.1083024,-0.10643429,1.4943428,-0.16219625,Green
209,2.0564935,0.089568205,2.4731464,0.036459573,2.390183,0.0122444825,1.9453338,-0.02387529,1.7485284,-0.04965038,1.8620514,-0.07649561,-1.2712293,0.022969862,2.1083024,-0.10643429,1.5215876,-0.13077591,1.4669611,-0.19313282,Green
210,2.4731464,0.036459573,2.390183,0.0122444825,1.9453338,-0.02387529,1.7485284,-0.04965038,1.8620514,-0.07649561,-1.2712293,0.022969862,2.1083024,-0.10643429,1.5215876,-0.13077591,1.8806075,-0.1153633,1.2491713,-0.0662515,Green
211,2.390183,0.0122444825,1.9453338,-0.02387529,1.7485284,-0.04965038,1.8620514,-0.07649561,-1.2712293,0.022969862,2.1083024,-0.10643429,1.5215876,-0.13077591,1.8806075,-0.1153633,1.5398271,-0.12989533,1.1879802,0.12059684,Green
212,1.9453338,-0.02387529,1.7485284,-0.04965038,1.8620514,-0.07649561,-1.2712293,0.022969862,2.1083024,-0.10643429,1.5215876,-0.13077591,1.8806075,-0.1153633,1.5398271,-0.12989533,1.4003667,-0.24100323,1.2356441,0.022102008,Green
213,1.7485284,-0.04965038,1.8620514,-0.07649561,-1.2712293,0.022969862,2.1083024,-0.10643429,1.5215876,-0.13077591,1.8806075,-0.1153633,1.5398271,-0.12989533,1.4003667,-0.24100323,1.3988147,-0.16536221,1.2510108,-0.0969205,Green
214,1.8620514,-0.07649561,-1.2712293,0.022969862,2.1083024,-0.10643429,1.5215876,-0.13077591,1.8806075,-0.1153633,1.5398271,-0.12989533,1.4003667,-0.24100323,1.3988147,-0.16536221,1.4226788,-0.17239834,1.2524786,-0.074827425,Green
215,-1.2712293,0.022969862,2.1083024,-0.10643429,1.5215876,-0.13077591,1.8806075,-0.1153633,1.5398271,-0.12989533,1.4003667,-0.24100323,1.3988147,-0.16536221,1.4226788,-0.17239834,1.3535968,-0.1983516,1.1815119,-0.03503123,Green
216,2.1083024,-0.10643429,1.5215876,-0.13077591,1.8806075,-0.1153633,1.5398271,-0.12989533,1.4003667,-0.24100323,1.3988147,-0.16536221,1.4226788,-0.17239834,1.3535968,-0.1983516,1.8071721,-0.191216,1.3361745,-0.17394942,Green
217,1.5215876,-0.13077591,1.8806075,-0.1153633,1.5398271,-0.12989533,1.4003667,-0.24100323,1.3988147,-0.16536221,1.4226788,-0.17239834,1.3535968,-0.1983516,1.8071721,-0.191216,1.2197722,-0.2862554,1.2845006,-0.18672808,Green
218,1.8806075,-0.1153633,1.5398271,-0.12989533,1.4003667,-0.24100323,1.3988147,-0.16536221,1.4226788,-0.17239834,1.3535968,-0.1983516,1.8071721,-0.191216,1.2197722,-0.2862554,1.172214,-0.23641048,1.2127488,-0.2634308,Green
219,1.5398271,-0.12989533,1.4003667,-0.24100323,1.3988147,-0.16536221,1.4226788,-0.17239834,1.3535968,-0.1983516,1.8071721,-0.191216,1.2197722,-0.2862554,1.172214,-0.23641048,1.1561233,-0.24658068,1.163075,-0.26614988,Green
220,1.4003667,-0.24100323,1.3988147,-0.16536221,1.4226788,-0.17239834,1.3535968,-0.1983516,1.8071721,-0.191216,1.2197722,-0.2862554,1.172214,-0.23641048,1.1561233,-0.24658068,1.049713,-0.29734832,1.0943872,-0.25330317,Green
221,1.3988147,-0.16536221,1.4226788,-0.17239834,1.3535968,-0.1983516,1.8071721,-0.191216,1.2197722,-0.2862554,1.172214,-0.23641048,1.1561233,-0.24658068,1.049713,-0.29734832,1.2722894,-0.31941548,1.0944839,-0.26590025,Green
222,1.4226788,-0.17239834,1.3535968,-0.1983516,1.8071721,-0.191216,1.2197722,-0.2862554,1.172214,-0.23641048,1.1561233,-0.24658068,1.049713,-0.29734832,1.2722894,-0.31941548,1.1200117,-0.29001945,1.1019778,-0.29588902,Green
223,1.3535968,-0.1983516,1.8071721,-0.191216,1.2197722,-0.2862554,1.172214,-0.23641048,1.1561233,-0.24658068,1.049713,-0.29734832,1.2722894,-0.31941548,1.1200117,-0.29001945,1.0448163,-0.33533737,1.0589924,-0.33233118,Green
224,1.8071721,-0.191216,1.2197722,-0.2862554,1.172214,-0.23641048,1.1561233,-0.24658068,1.049713,-0.29734832,1.2722894,-0.31941548,1.1200117,-0.29001945,1.0448163,-0.33533737,0.8606536,-0.35538724,0.9712156,-0.368868,Green
225,1.2197722,-0.2862554,1.172214,-0.23641048,1.1561233,-0.24658068,1.049713,-0.29734832,1.2722894,-0.31941548,1.1200117,-0.29001945,1.0448163,-0.33533737,0.8606536,-0.35538724,0.99547887,-0.3733824,0.9239039,-0.33553058,Green
226,1.172214,-0.23641048,1.1561233,-0.24658068,1.049713,-0.29734832,1.2722894,-0.31941548,1.1200117,-0.29001945,1.0448163,-0.33533737,0.8606536,-0.35538724,0.99547887,-0.3733824,0.73125553,-0.40403616,0.8394094,-0.35141358,Green
227,1.1561233,-0.24658068,1.049713,-0.29734832,1.2722894,-0.31941548,1.1200117,-0.29001945,1.0448163,-0.33533737,0.8606536,-0.35538724,0.99547887,-0.3733824,0.73125553,-0.40403616,0.97930354,-0.55473006,0.85687935,-0.40664485,Green
228,1.049713,-0.29734832,1.2722894,-0.31941548,1.1200117,-0.29001945,1.0448163,-0.33533737,0.8606536,-0.35538724,0.99547887,-0.3733824,0.73125553,-0.40403616,0.97930354,-0.55473006,0.9013806,-0.59524655,0.8855125,-0.49726814,Green
229,1.2722894,-0.31941548,1.1200117,-0.29001945,1.0448163,-0.33533737,0.8606536,-0.35538724,0.99547887,-0.3733824,0.73125553,-0.40403616,0.97930354,-0.55473006,0.9013806,-0.59524655,0.8007835,-0.6348696,0.8593605,-0.59404826,Green
230,1.1200117,-0.29001945,1.0448163,-0.33533737,0.8606536,-0.35538724,0.99547887,-0.3733824,0.73125553,-0.40403616,0.97930354,-0.55473006,0.9013806,-0.59524655,0.8007835,-0.6348696,0.86910784,-0.5464871,0.8663219,-0.5986798,Green
231,1.0448163,-0.33533737,0.8606536,-0.35538724,0.99547887,-0.3733824,0.73125553,-0.40403616,0.97930354,-0.55473006,0.9013806,-0.59524655,0.8007835,-0.6348696,0.86910784,-0.5464871,0.783604,-1.1193908,0.85791373,-0.6989403,Green
232,0.8606536,-0.35538724,0.99547887,-0.3733824,0.73125553,-0.40403616,0.97930354,-0.55473006,0.9013806,-0.59524655,0.8007835,-0.6348696,0.86910784,-0.5464871,0.783604,-1.1193908,0.5354533,-0.6623848,0.78934896,-0.72727716,Green
233,0.99547887,-0.3733824,0.73125553,-0.40403616,0.97930354,-0.55473006,0.9013806,-0.59524655,0.8007835,-0.6348696,0.86910784,-0.5464871,0.783604,-1.1193908,0.5354533,-0.6623848,0.7116274,-0.80814874,0.7197594,-0.70059025,Green
234,0.73125553,-0.40403616,0.97930354,-0.55473006,0.9013806,-0.59524655,0.8007835,-0.6348696,0.86910784,-0.5464871,0.783604,-1.1193908,0.5354533,-0.6623848,0.7116274,-0.80814874,0.36737627,-0.66445863,0.6348317,-0.71711123,Green
235,0.97930354,-0.55473006,0.9013806,-0.59524655,0.8007835,-0.6348696,0.86910784,-0.5464871,0.783604,-1.1193908,0.5354533,-0.6623848,0.7116274,-0.80814874,0.36737627,-0.66445863,0.8368007,-1.7383667,0.6822529,-0.8240119,Green
236,0.9013806,-0.59524655,0.8007835,-0.6348696,0.86910784,-0.5464871,0.783604,-1.1193908,0.5354533,-0.6623848,0.7116274,-0.80814874,0.36737627,-0.66445863,0.8368007,-1.7383667,0.6107557,-1.4886916,0.6521311,-1.0988284,Green
237,0.8007835,-0.6348696,0.86910784,-0.5464871,0.783604,-1.1193908,0.5354533,-0.6623848,0.7116274,-0.80814874,0.36737627,-0.66445863,0.8368007,-1.7383667,0.6107557,-1.4886916,0.63472897,-1.861191,0.73855734,-1.3981994,Green
238,0.86910784,-0.5464871,0.783604,-1.1193908,0.5354533,-0.6623848,0.7116274,-0.80814874,0.36737627,-0.66445863,0.8368007,-1.7383667,0.6107557,-1.4886916,0.63472897,-1.861191,0.5099627,-1.751621,0.77942836,-1.6193897,Green
239,0.783604,-1.1193908,0.5354533,-0.6623848,0.7116274,-0.80814874,0.36737627,-0.66445863,0.8368007,-1.7383667,0.6107557,-1.4886916,0.63472897,-1.861191,0.5099627,-1.751621,0.40121335,-1.6470716,0.70388174,-1.6588413,Green
240,0.5354533,-0.6623848,0.7116274,-0.80814874,0.36737627,-0.66445863,0.8368007,-1.7383667,0.6107557,-1.4886916,0.63472897,-1.861191,0.5099627,-1.751621,0.40121335,-1.6470716,0.41566166,-2.3154671,0.6295155,-1.8504292,Green
241,0.7116274,-0.80814874,0.36737627,-0.66445863,0.8368007,-1.7383667,0.6107557,-1.4886916,0.63472897,-1.861191,0.5099627,-1.751621,0.40121335,-1.6470716,0.41566166,-2.3154671,0.40318885,-1.1347148,0.51443946,-1.8278471,Green
242,0.36737627,-0.66445863,0.8368007,-1.7383667,0.6107557,-1.4886916,0.63472897,-1.861191,0.5099627,-1.751621,0.40121335,-1.6470716,0.41566166,-2.3154671,0.40318885,-1.1347148,0.68366385,-2.2070181,0.5711047,-1.9099985,Green
243,0.8368007,-1.7383667,0.6107557,-1.4886916,0.63472897,-1.861191,0.5099627,-1.751621,0.40121335,-1.6470716,0.41566166,-2.3154671,0.40318885,-1.1347148,0.68366385,-2.2070181,0.34061563,-1.8792691,0.520269,-1.9481331,Green
244,0.6107557,-1.4886916,0.63472897,-1.861191,0.5099627,-1.751621,0.40121335,-1.6470716,0.41566166,-2.3154671,0.40318885,-1.1347148,0.68366385,-2.2070181,0.34061563,-1.8792691,0.29663074,-1.4021065,0.41573733,-1.7477925,Green
245,0.63472897,-1.861191,0.5099627,-1.751621,0.40121335,-1.6470716,0.41566166,-2.3154671,0.40318885,-1.1347148,0.68366385,-2.2070181,0.34061563,-1.8792691,0.29663074,-1.4021065,0.30056822,-1.5200971,0.366357,-1.5477005,Green
246,0.5099627,-1.751621,0.40121335,-1.6470716,0.41566166,-2.3154671,0.40318885,-1.1347148,0.68366385,-2.2070181,0.34061563,-1.8792691,0.29663074,-1.4021065,0.30056822,-1.5200971,0.23977686,-1.7462715,0.362629,-1.6234764,Green
247,0.40121335,-1.6470716,0.41566166,-2.3154671,0.40318885,-1.1347148,0.68366385,-2.2070181,0.34061563,-1.8792691,0.29663074,-1.4021065,0.30056822,-1.5200971,0.23977686,-1.7462715,0.18433098,-0.79370415,0.29455367,-1.5376608,Green
248,0.41566166,-2.3154671,0.40318885,-1.1347148,0.68366385,-2.2070181,0.34061563,-1.8792691,0.29663074,-1.4021065,0.30056822,-1.5200971,0.23977686,-1.7462715,0.18433098,-0.79370415,0.19144836,-1.0919478,0.20126352,-1.371097,Green
249,0.40318885,-1.1347148,0.68366385,-2.2070181,0.34061563,-1.8792691,0.29663074,-1.4021065,0.30056822,-1.5200971,0.23977686,-1.7462715,0.18433098,-0.79370415,0.19144836,-1.0919478,0.24296607,-5.1993375,0.24632671,-1.2859383,Green
250,0.68366385,-2.2070181,0.34061563,-1.8792691,0.29663074,-1.4021065,0.30056822,-1.5200971,0.23977686,-1.7462715,0.18433098,-0.79370415,0.19144836,-1.0919478,0.24296607,-5.1993375,0.13772562,-0.86527765,0.3472375,-1.3969071,Green
251,0.34061563,-1.8792691,0.29663074,-1.4021065,0.30056822,-1.5200971,0.23977686,-1.7462715,0.18433098,-0.79370415,0.19144836,-1.0919478,0.24296607,-5.1993375,0.13772562,-0.86527765,0.11445799,-1.2249113,0.14706874,-1.2673776,Green
252,0.29663074,-1.4021065,0.30056822,-1.5200971,0.23977686,-1.7462715,0.18433098,-0.79370415,0.19144836,-1.0919478,0.24296607,-5.1993375,0.13772562,-0.86527765,0.11445799,-1.2249113,0.9587244,5.1993375,0.11754466,-1.1989204,Green
253,0.30056822,-1.5200971,0.23977686,-1.7462715,0.18433098,-0.79370415,0.19144836,-1.0919478,0.24296607,-5.1993375,0.13772562,-0.86527765,0.11445799,-1.2249113,0.9587244,5.1993375,0.044144887,-1.5716931,0.1506981,-1.0211827,Green
254,0.23977686,-1.7462715,0.18433098,-0.79370415,0.19144836,-1.0919478,0.24296607,-5.1993375,0.13772562,-0.86527765,0.11445799,-1.2249113,0.9587244,5.1993375,0.044144887,-1.5716931,-0.010088409,-1.4148633,0.2570198,-0.8120029,Green
255,0.18433098,-0.79370415,0.19144836,-1.0919478,0.24296607,-5.1993375,0.13772562,-0.86527765,0.11445799,-1.2249113,0.9587244,5.1993375,0.044144887,-1.5716931,-0.010088409,-1.4148633,-0.08053365,-2.3253114,0.37336102,-0.95909667,Yellow
256,0.19144836,-1.0919478,0.24296607,-5.1993375,0.13772562,-0.86527765,0.11445799,-1.2249113,0.9587244,5.1993375,0.044144887,-1.5716931,-0.010088409,-1.4148633,-0.08053365,-2.3253114,-0.06447231,-1.88425,0.4309304,-1.385341,Yellow
257,0.24296607,-5.1993375,0.13772562,-0.86527765,0.11445799,-1.2249113,0.9587244,5.1993375,0.044144887,-1.5716931,-0.010088409,-1.4148633,-0.08053365,-2.3253114,-0.06447231,-1.88425,-0.08817037,-1.3186041,0.3211933,-1.4598609,Yellow
258,0.13772562,-0.86527765,0.11445799,-1.2249113,0.9587244,5.1993375,0.044144887,-1.5716931,-0.010088409,-1.4148633,-0.08053365,-2.3253114,-0.06447231,-1.88425,-0.08817037,-1.3186041,0.037769128,-0.8532774,0.079543516,-1.5128223,Green
259,0.11445799,-1.2249113,0.9587244,5.1993375,0.044144887,-1.5716931,-0.010088409,-1.4148633,-0.08053365,-2.3253114,-0.06447231,-1.88425,-0.08817037,-1.3186041,0.037769128,-0.8532774,-0.19688262,-1.6389185,0.04015457,-1.5285457,Green
260,0.9587244,5.1993375,0.044144887,-1.5716931,-0.010088409,-1.4148633,-0.08053365,-2.3253114,-0.06447231,-1.88425,-0.08817037,-1.3186041,0.037769128,-0.8532774,-0.19688262,-1.6389185,-0.4897544,-1.9311454,0.113136984,-1.5062877,Green
261,0.044144887,-1.5716931,-0.010088409,-1.4148633,-0.08053365,-2.3253114,-0.06447231,-1.88425,-0.08817037,-1.3186041,0.037769128,-0.8532774,-0.19688262,-1.6389185,-0.4897544,-1.9311454,-0.2956538,-1.3890704,-0.21830252,-1.7147127,Green
262,-0.010088409,-1.4148633,-0.08053365,-2.3253114,-0.06447231,-1.88425,-0.08817037,-1.3186041,0.037769128,-0.8532774,-0.19688262,-1.6389185,-0.4897544,-1.9311454,-0.2956538,-1.3890704,-0.30631527,-1.4451506,-0.20588148,-1.5476211,Green
263,-0.08053365,-2.3253114,-0.06447231,-1.88425,-0.08817037,-1.3186041,0.037769128,-0.8532774,-0.19688262,-1.6389185,-0.4897544,-1.9311454,-0.2956538,-1.3890704,-0.30631527,-1.4451506,-0.3471313,-1.2744249,-0.23155347,-1.4212981,Green
264,-0.06447231,-1.88425,-0.08817037,-1.3186041,0.037769128,-0.8532774,-0.19688262,-1.6389185,-0.4897544,-1.9311454,-0.2956538,-1.3890704,-0.30631527,-1.4451506,-0.3471313,-1.2744249,-0.40983194,-1.3609527,-0.31377247,-1.3409449,Green
265,-0.08817037,-1.3186041,0.037769128,-0.8532774,-0.19688262,-1.6389185,-0.4897544,-1.9311454,-0.2956538,-1.3890704,-0.30631527,-1.4451506,-0.3471313,-1.2744249,-0.40983194,-1.3609527,-1.4183906,-0.8998806,-0.4336966,-1.3975874,Green
266,0.037769128,-0.8532774,-0.19688262,-1.6389185,-0.4897544,-1.9311454,-0.2956538,-1.3890704,-0.30631527,-1.4451506,-0.3471313,-1.2744249,-0.40983194,-1.3609527,-1.4183906,-0.8998806,-0.52714646,-1.2835354,-0.44633296,-1.35985,Green
